user_id,activity_date,total_steps,total_distance,tracker_distance,logged_activities_distance,very_active_distance,moderately_active_distance,light_active_distance,sedentary_active_distance,very_active_minutes,fairly_active_minutes,lightly_active_minutes,sedentary_minutes,calories_activity,calories_calories,total_sleep_records,total_minutes_asleep,total_time_in_bed,weight_kg,bmi,fat_percent,is_manual_report,avg_hr,min_hr,max_hr,total_calories_minute,total_steps_minute,total_intensity_minute,total_mets_minute,minutes_stage1,minutes_stage2,minutes_stage3
1503960366,4/12/2016,13162,8.5,8.5,0,1.879999995,0.5500000119,6.059999943,0,25,13,328,728,1985,1985,,,,,,,,,,,1985.204592,13158,429,25241,327,13,6
1503960366,4/13/2016,10735,6.96999979,6.96999979,0,1.570000052,0.6899999976,4.710000038,0,21,19,217,776,1797,1797,2,384,407,,,,,,,,1797.860299,10735,318,22859,384,11,12
1503960366,4/14/2016,10460,6.739999771,6.739999771,0,2.440000057,0.400000006,3.910000086,0,30,11,181,1218,1776,1776,,,,,,,,,,,1776.624798,10460,293,22589,,,
1503960366,4/15/2016,9762,6.28000021,6.28000021,0,2.140000105,1.25999999,2.829999924,0,29,34,209,726,1745,1745,1,412,442,,,,,,,,1745.243449,9685,364,22190,412,22,8
1503960366,4/16/2016,12669,8.159999847,8.159999847,0,2.710000038,0.4099999964,5.039999962,0,36,10,221,773,1863,1863,2,340,367,,,,,,,,1863.533046,12669,349,23694,372,20,8
1503960366,4/17/2016,9705,6.480000019,6.480000019,0,3.190000057,0.7799999714,2.50999999,0,38,20,164,539,1728,1728,1,700,712,,,,,,,,1728.09775,9705,318,21972,668,11,0
1503960366,4/18/2016,13019,8.590000153,8.590000153,0,3.25,0.6399999857,4.710000038,0,42,16,233,1149,1921,1921,,,,,,,,,,,1921.655394,13019,391,24433,,,
1503960366,4/19/2016,15506,9.880000114,9.880000114,0,3.529999971,1.320000052,5.03000021,0,50,31,264,775,2035,2035,1,304,320,,,,,,,,2035.697892,15506,476,25883,304,16,0
1503960366,4/20/2016,10544,6.679999828,6.679999828,0,1.960000038,0.4799999893,4.239999771,0,28,12,205,818,1786,1786,1,360,377,,,,,,,,1786.613348,10544,313,22716,360,14,3
1503960366,4/21/2016,9819,6.340000153,6.340000153,0,1.340000033,0.349999994,4.650000095,0,19,8,211,838,1775,1775,1,325,364,,,,,,,,1775.680999,9819,284,22577,325,36,3
1503960366,4/22/2016,12764,8.130000114,8.130000114,0,4.760000229,1.120000005,2.24000001,0,66,27,130,1217,1827,1827,,,,,,,,,,,1827.983247,12764,382,23242,,,
1503960366,4/23/2016,14371,9.039999962,9.039999962,0,2.809999943,0.8700000048,5.360000134,0,41,21,262,732,1949,1949,1,361,384,,,,,,,,1949.418843,14371,427,24786,361,22,1
1503960366,4/24/2016,10039,6.409999847,6.409999847,0,2.920000076,0.2099999934,3.279999971,0,39,5,238,709,1788,1788,1,430,449,,,,,,,,1788.972848,10039,365,22746,430,19,0
1503960366,4/25/2016,15355,9.800000191,9.800000191,0,5.289999962,0.5699999928,3.940000057,0,73,14,216,814,2013,2013,1,277,323,,,,,,,,2013.125341,15355,463,25596,277,40,6
1503960366,4/26/2016,13755,8.789999962,8.789999962,0,2.329999924,0.9200000167,5.539999962,0,31,23,279,833,1970,1970,1,245,274,,,,,,,,1970.654343,13755,418,25056,245,26,3
1503960366,4/27/2016,18134,12.21000004,12.21000004,0,6.400000095,0.4099999964,5.409999847,0,78,11,243,1108,2159,2159,,,,,,,,,,,2159.021087,18125,499,27451,,,
1503960366,4/28/2016,13154,8.529999733,8.529999733,0,3.539999962,1.159999967,3.789999962,0,48,28,189,782,1898,1898,1,366,393,,,,,,,,1898.689595,13091,389,24141,366,26,1
1503960366,4/29/2016,11181,7.150000095,7.150000095,0,1.059999943,0.5,5.579999924,0,16,12,243,815,1837,1837,1,341,354,,,,,,,,1837.657196,11181,315,23365,341,13,0
1503960366,4/30/2016,14673,9.25,9.25,0,3.559999943,1.419999957,4.269999981,0,52,34,217,712,1947,1947,1,404,425,,,,,,,,1947.609893,14673,441,24763,404,20,1
1503960366,5/1/2016,10602,6.809999943,6.809999943,0,2.289999962,1.600000024,2.920000076,0,33,35,246,730,1820,1820,,,,,,,,,,,1831.129247,10602,415,23282,369,22,5
1503960366,5/2/2016,14727,9.710000038,9.710000038,0,3.210000038,0.5699999928,5.920000076,0,41,15,277,798,2004,2004,,,,52.59999847,22.64999962,22,TRUE,,,,2017.765692,14710,430,25655,277,26,6
1503960366,5/3/2016,15103,9.659999847,9.659999847,0,3.730000019,1.049999952,4.880000114,0,50,24,254,816,1990,1990,,,,52.59999847,22.64999962,,TRUE,,,,1990.772808,15103,452,25477,273,20,3
1503960366,5/4/2016,11100,7.150000095,7.150000095,0,2.460000038,0.8700000048,3.819999933,0,36,22,203,1179,1819,1819,,,,,,,,,,,1819.646206,11100,355,23287,,,
1503960366,5/5/2016,14070,8.899999619,8.899999619,0,2.920000076,1.080000043,4.880000114,0,45,24,250,857,1959,1959,,,,,,,,,,,1959.907502,14047,433,25082,247,16,1
1503960366,5/6/2016,12159,8.029999733,8.029999733,0,1.970000029,0.25,5.809999943,0,24,6,289,754,1896,1896,,,,,,,,,,,1896.614103,12159,373,24272,334,31,2
1503960366,5/7/2016,11992,7.710000038,7.710000038,0,2.460000038,2.119999886,3.130000114,0,37,46,175,833,1821,1821,,,,,,,,,,,1821.521563,11992,378,23311,331,16,2
1503960366,5/8/2016,10060,6.579999924,6.579999924,0,3.529999971,0.3199999928,2.730000019,0,44,8,203,574,1740,1740,,,,,,,,,,,1740.56853,10060,351,22275,594,16,1
1503960366,5/9/2016,12022,7.71999979,7.71999979,0,3.450000048,0.5299999714,3.74000001,0,46,11,206,835,1819,1819,,,,,,,,,,,1819.80249,12022,366,23289,338,4,0
1503960366,5/10/2016,12207,7.769999981,7.769999981,0,3.349999905,1.159999967,3.25999999,0,46,31,214,746,1859,1859,,,,,,,,,,,1859.575748,12207,414,23798,383,19,1
1503960366,5/11/2016,12770,8.130000114,8.130000114,0,2.559999943,1.00999999,4.550000191,0,36,23,251,669,1783,1783,,,,,,,,,,,1723.221444,11890,393,22053,285,21,0
1503960366,5/12/2016,0,0,0,0,0,0,0,0,0,0,0,1440,0,0,,,,,,,,,,,,,,,,,
1624580081,4/12/2016,8163,5.309999943,5.309999943,0,0,0,5.309999943,0,0,0,146,1294,1432,1432,,,,,,,,,,,1432.145366,8163,146,17234,,,
1624580081,4/13/2016,7007,4.550000191,4.550000191,0,0,0,4.550000191,0,0,0,148,1292,1411,1411,,,,,,,,,,,1411.868965,7007,148,16990,,,
1624580081,4/14/2016,9107,5.920000076,5.920000076,0,0,0,5.909999847,0.009999999776,0,0,236,1204,1572,1572,,,,,,,,,,,1572.085773,9107,236,18918,,,
1624580081,4/15/2016,1510,0.9800000191,0.9800000191,0,0,0,0.9700000286,0,0,0,96,1344,1344,1344,,,,,,,,,,,1344.059362,1490,96,16174,,,
1624580081,4/16/2016,5370,3.49000001,3.49000001,0,0,0,3.49000001,0,0,0,176,1264,1463,1463,,,,,,,,,,,1463.723366,5370,176,17614,,,
1624580081,4/17/2016,6175,4.059999943,4.059999943,0,1.029999971,1.519999981,1.49000001,0.009999999776,15,22,127,1276,1554,1554,,,,,,,,,,,1554.468567,6150,216,18706,,,
1624580081,4/18/2016,10536,7.409999847,7.409999847,0,2.150000095,0.6200000048,4.619999886,0.009999999776,17,7,202,1214,1604,1604,,,,,,,,,,,1604.49477,10536,267,19308,,,
1624580081,4/19/2016,2916,1.899999976,1.899999976,0,0,0,1.899999976,0,0,0,141,1299,1435,1435,,,,,,,,,,,1435.469364,2916,141,17274,,,
1624580081,4/20/2016,4974,3.230000019,3.230000019,0,0,0,3.230000019,0,0,0,151,1289,1446,1446,,,,,,,,,,,1446.106163,4974,151,17402,,,
1624580081,4/21/2016,6349,4.130000114,4.130000114,0,0,0,4.110000134,0.01999999955,0,0,186,1254,1467,1467,,,,,,,,,,,1466.714966,6349,186,17650,,,
1624580081,4/22/2016,4026,2.619999886,2.619999886,0,0,0,2.599999905,0,0,0,199,1241,1470,1470,,,,,,,,,,,1470.869965,4002,199,17700,,,
1624580081,4/23/2016,8538,5.550000191,5.550000191,0,0,0,5.539999962,0.009999999776,0,0,227,1213,1562,1562,,,,,,,,,,,1562.944771,8538,227,18808,,,
1624580081,4/24/2016,6076,3.950000048,3.950000048,0,1.149999976,0.9100000262,1.889999986,0,16,18,185,1221,1617,1617,,,,,,,,,,,1617.125968,6076,269,19460,,,
1624580081,4/25/2016,6497,4.21999979,4.21999979,0,0,0,4.199999809,0.01999999955,0,0,202,1238,1492,1492,,,,,,,,,,,1492.475967,6487,202,17960,,,
1624580081,4/26/2016,2826,1.840000033,1.840000033,0,0,0,1.830000043,0.009999999776,0,0,140,1300,1402,1402,,,,,,,,,,,1402.229363,2826,140,16874,,,
1624580081,4/27/2016,8367,5.440000057,5.440000057,0,1.110000014,1.870000005,2.460000038,0,17,36,154,1233,1670,1670,,,,,,,,,,,1670.14377,8367,277,20098,,,
1624580081,4/28/2016,2759,1.789999962,1.789999962,0,0,0.200000003,1.600000024,0,0,5,115,1320,1401,1401,,,,,,,,,,,1401.896962,2759,125,16870,,,
1624580081,4/29/2016,2390,1.549999952,1.549999952,0,0,0,1.549999952,0,0,0,150,1290,1404,1404,,,,,,,,,,,1404.389962,2390,150,16900,,,
1624580081,4/30/2016,6474,4.300000191,4.300000191,0,0.8999999762,1.279999971,2.119999886,0.009999999776,11,23,224,1182,1655,1655,,,,,,,,,,,1655.518169,6474,303,19922,,,
1624580081,5/1/2016,36019,28.03000069,28.03000069,0,21.92000008,4.190000057,1.909999967,0.01999999955,186,63,171,1020,2690,2690,,,,,,,,,,,2690.777976,36019,855,32380,,,
1624580081,5/2/2016,7155,4.929999828,4.929999828,0,0.8600000143,0.5899999738,3.470000029,0,7,6,166,1261,1497,1497,,,,,,,,,,,1497.129565,7155,199,18016,,,
1624580081,5/3/2016,2100,1.370000005,1.370000005,0,0,0,1.340000033,0.01999999955,0,0,96,1344,1334,1334,,,,,,,,,,,1334.253561,2100,96,16056,,,
1624580081,5/4/2016,2193,1.429999948,1.429999948,0,0,0,1.419999957,0,0,0,118,1322,1368,1368,,,,,,,,,,,1368.823162,2193,118,16472,,,
1624580081,5/5/2016,2470,1.610000014,1.610000014,0,0,0,1.580000043,0.01999999955,0,0,117,1323,1370,1370,,,,,,,,,,,1370.817562,2470,117,16496,,,
1624580081,5/6/2016,1727,1.120000005,1.120000005,0,0,0,1.120000005,0.009999999776,0,0,102,1338,1341,1341,,,,,,,,,,,1341.233961,1727,102,16140,,,
1624580081,5/7/2016,2104,1.370000005,1.370000005,0,0,0,1.370000005,0,0,0,182,1258,1474,1474,,,,,,,,,,,1474.027765,2104,182,17738,,,
1624580081,5/8/2016,3427,2.230000019,2.230000019,0,0,0,2.220000029,0,0,0,152,1288,1427,1427,,,,,,,,,,,1427.325565,3427,152,17176,,,
1624580081,5/9/2016,1732,1.129999995,1.129999995,0,0,0,1.129999995,0,0,0,91,1349,1328,1328,,,,,,,,,,,1328.60276,1732,91,15988,,,
1624580081,5/10/2016,2969,1.929999948,1.929999948,0,0,0,1.919999957,0.009999999776,0,0,139,1301,1393,1393,,,,,,,,,,,1393.254565,2969,139,16766,,,
1624580081,5/11/2016,3134,2.039999962,2.039999962,0,0,0,2.039999962,0,0,0,112,1328,1359,1359,,,,,,,,,,,1359.017362,3134,112,16354,,,
1624580081,5/12/2016,2971,1.929999948,1.929999948,0,0,0,1.919999957,0.009999999776,0,0,107,890,1002,1002,,,,,,,,,,,957.9767762,2739,99,11528,,,
1644430081,4/12/2016,10694,7.769999981,7.769999981,0,0.1400000006,2.299999952,5.329999924,0,2,51,256,1131,3199,3199,,,,,,,,,,,3199.587057,10694,364,22768,,,
1644430081,4/13/2016,8001,5.820000172,5.820000172,0,2.279999971,0.8999999762,2.640000105,0,30,16,135,1259,2902,2902,,,,,,,,,,,2902.787698,8001,257,20656,,,
1644430081,4/14/2016,11037,8.020000458,8.020000458,0,0.3600000143,2.559999943,5.099999905,0,5,58,252,1125,3226,3226,,,,,,,,,,,3226.568817,11037,383,22960,,,
1644430081,4/15/2016,5263,3.829999924,3.829999924,0,0.2199999988,0.150000006,3.450000048,0,3,4,170,1263,2750,2750,,,,,,,,,,,2750.453176,5263,187,19572,,,
1644430081,4/16/2016,15300,11.11999989,11.11999989,0,4.099999905,1.879999995,5.090000153,0,51,42,212,1135,3493,3493,,,,,,,,,,,3493.575822,15223,449,24860,,,
1644430081,4/17/2016,8757,6.369999886,6.369999886,0,2.25,0.5699999928,3.549999952,0,29,13,186,1212,3011,3011,,,,,,,,,,,3010.995796,8757,299,21426,,,
1644430081,4/18/2016,7132,5.190000057,5.190000057,0,1.070000052,1.669999957,2.450000048,0,15,33,121,1271,2806,2806,,,,,,,,,,,2806.665177,7132,232,19972,,,
1644430081,4/19/2016,11256,8.180000305,8.180000305,0,0.3600000143,2.529999971,5.300000191,0,5,58,278,1099,3300,3300,,,,,,,,,,,3254.393754,11231,385,23158,,,
1644430081,4/20/2016,2436,1.769999981,1.769999981,0,0,0,1.75999999,0.009999999776,0,0,125,1315,2430,2430,,,,,,,,,,,2430.325844,2436,125,17294,,,
1644430081,4/21/2016,1223,0.8899999857,0.8899999857,0,0,0,0.8799999952,0.009999999776,0,0,38,1402,2140,2140,,,,,,,,,,,2140.552989,1223,38,15232,,,
1644430081,4/22/2016,3673,2.670000076,2.670000076,0,0,0,2.660000086,0.009999999776,0,0,86,1354,2344,2344,,,,,,,,,,,2344.321488,3673,86,16682,,,
1644430081,4/23/2016,6637,4.829999924,4.829999924,0,0,0.5799999833,4.25,0,0,15,160,1265,2677,2677,,,,,,,,,,,2677.377585,6637,190,19052,,,
1644430081,4/24/2016,3321,2.410000086,2.410000086,0,0,0,2.410000086,0,0,0,89,1351,2413,2413,,,,,,,,,,,2413.743304,3321,89,17176,,,
1644430081,4/25/2016,3580,2.599999905,2.599999905,0,0.5899999738,0.05999999866,1.950000048,0,8,1,94,1337,2497,2497,,,,,,,,,,,2497.499183,3580,120,17772,,,
1644430081,4/26/2016,9919,7.210000038,7.210000038,0,0.8000000119,1.720000029,4.690000057,0,11,41,223,1165,3123,3123,,,,,,,,,,,3123.138737,9919,338,22224,,,
1644430081,4/27/2016,3032,2.200000048,2.200000048,0,0,0,2.200000048,0,0,0,118,1322,2489,2489,,,,,,,,,,,2489.629499,3032,118,17716,,,
1644430081,4/28/2016,9405,6.840000153,6.840000153,0,0.200000003,2.319999933,4.309999943,0,3,53,227,1157,3108,3108,,,,,,,,,,,3108.804672,9405,342,22122,,,
1644430081,4/29/2016,3176,2.309999943,2.309999943,0,0,0,2.309999943,0,0,0,120,1193,2498,2498,1,119,127,,,,,,,,2498.061301,3176,120,17776,119,8,0
1644430081,4/30/2016,18213,13.23999977,13.23999977,0,0.6299999952,3.140000105,9.460000038,0,9,71,402,816,3846,3846,1,124,142,,,,,,,,3846.306119,18213,571,27370,124,15,3
1644430081,5/1/2016,6132,4.460000038,4.460000038,0,0.2399999946,0.9900000095,3.230000019,0,3,24,146,908,2696,2696,,,,,,,,,,,2696.208602,6132,203,19186,194,36,129
1644430081,5/2/2016,3758,2.730000019,2.730000019,0,0.0700000003,0.3100000024,2.349999905,0,1,7,148,682,2580,2580,,,,,,,,,,,2536.285463,3728,142,18048,602,0,0
1644430081,5/3/2016,12850,9.340000153,9.340000153,0,0.7200000286,4.090000153,4.539999962,0,10,94,221,1115,3324,3324,,,,,,,,,,,3321.004976,12789,436,23632,,,
1644430081,5/4/2016,2309,1.679999948,1.679999948,0,0,0,1.659999967,0.01999999955,0,0,52,1388,2222,2222,,,,,,,,,,,2222.90357,2309,52,15818,,,
1644430081,5/5/2016,4363,3.190000057,3.190000057,0,0.5199999809,0.5400000215,2.130000114,0.009999999776,6,12,81,1341,2463,2463,,,,,,,,,,,2463.912514,4363,123,17533,,,
1644430081,5/6/2016,9787,7.119999886,7.119999886,0,0.8199999928,0.2700000107,6.010000229,0.01999999955,11,6,369,1054,3328,3328,,,,,,,,,,,3384.243474,9758,424,24082,,,
1644430081,5/7/2016,13372,9.720000267,9.720000267,0,3.25999999,0.7900000215,5.670000076,0.009999999776,41,17,243,1139,3404,3404,,,,,,,,,,,3404.058207,13372,400,24223,,,
1644430081,5/8/2016,6724,4.889999866,4.889999866,0,0,0,4.880000114,0,0,0,295,991,2987,2987,,,,,,,,,,,2987.948879,6724,295,21262,137,14,3
1644430081,5/9/2016,6643,4.829999924,4.829999924,0,2.390000105,0.349999994,2.089999914,0.009999999776,32,6,303,1099,3008,3008,,,,,,,,,,,3008.466262,6643,411,21408,,,
1644430081,5/10/2016,9167,6.659999847,6.659999847,0,0.8799999952,0.8100000024,4.96999979,0.009999999776,12,19,155,1254,2799,2799,,,,,,,,,,,2799.919747,9167,229,19924,,,
1644430081,5/11/2016,1329,0.9700000286,0.9700000286,0,0,0,0.9499999881,0.009999999776,0,0,49,713,1276,1276,,,,,,,,,,,1179.046711,989,40,8390,,,
1844505072,4/12/2016,6697,4.429999828,4.429999828,0,0,0,4.429999828,0,0,0,339,1101,2030,2030,,,,,,,,,,,2030.843321,6697,339,21704,,,
1844505072,4/13/2016,4929,3.25999999,3.25999999,0,0,0,3.25999999,0,0,0,248,1192,1860,1860,,,,,,,,,,,1860.171632,4929,248,19880,,,
1844505072,4/14/2016,7937,5.25,5.25,0,0,0,5.230000019,0,0,0,373,843,2130,2130,,,,,,,,,,,2130.776088,7905,373,22772,0,172,52
1844505072,4/15/2016,3844,2.539999962,2.539999962,0,0,0,2.539999962,0,0,0,176,527,1725,1725,1,644,961,,,,,,,,1725.992243,3844,176,18446,644,57,36
1844505072,4/16/2016,3414,2.25999999,2.25999999,0,0,0,2.25999999,0,0,0,147,1293,1657,1657,,,,,,,,,,,1657.686136,3414,147,17716,,,
1844505072,4/17/2016,4525,2.99000001,2.99000001,0,0.1400000006,0.2599999905,2.589999914,0,2,8,199,1231,1793,1793,,,,,,,,,,,1793.924067,4525,221,19172,,,
1844505072,4/18/2016,4597,3.039999962,3.039999962,0,0,0.4799999893,2.559999943,0,0,12,217,1211,1814,1814,,,,,,,,,,,1813.760907,4597,241,19384,,,
1844505072,4/19/2016,197,0.1299999952,0.1299999952,0,0,0,0.1299999952,0,0,0,10,1430,1366,1366,,,,,,,,,,,1366.49628,197,10,14604,,,
1844505072,4/20/2016,8,0.009999999776,0.009999999776,0,0,0,0.009999999776,0,0,0,1,1439,1349,1349,,,,,,,,,,,1349.466539,8,1,14422,,,
1844505072,4/21/2016,8054,5.320000172,5.320000172,0,0.1199999973,0.5199999809,4.679999828,0,2,13,308,1117,2062,2062,,,,,,,,,,,2062.844261,8054,340,22046,,,
1844505072,4/22/2016,5372,3.549999952,3.549999952,0,0,0,3.549999952,0,0,0,220,1220,1827,1827,,,,,,,,,,,1827.983546,5372,220,19536,,,
1844505072,4/23/2016,3570,2.359999895,2.359999895,0,0,0,2.359999895,0,0,0,139,1301,1645,1645,,,,,,,,,,,1645.147753,3570,139,17582,,,
1844505072,4/24/2016,0,0,0,0,0,0,0,0,0,0,0,1440,1347,1347,,,,,,,,,,,1347.407999,0,0,14400,,,
1844505072,4/25/2016,0,0,0,0,0,0,0,0,0,0,0,1440,1347,1347,,,,,,,,,,,1347.407999,0,0,14400,,,
1844505072,4/26/2016,0,0,0,0,0,0,0,0,0,0,0,1440,1347,1347,,,,,,,,,,,1347.407999,0,0,14400,,,
1844505072,4/27/2016,4,0,0,0,0,0,0,0,0,0,1,1439,1348,1348,,,,,,,,,,,1348.905119,4,1,14416,,,
1844505072,4/28/2016,6907,4.570000172,4.570000172,0,0,0,4.559999943,0,0,0,302,1138,1992,1992,,,,,,,,,,,1992.479616,6899,302,21294,,,
1844505072,4/29/2016,4920,3.25,3.25,0,0,0,3.25,0,0,0,247,1082,1856,1856,,,,,,,,,,,1856.428831,4920,247,19840,0,83,28
1844505072,4/30/2016,4014,2.670000076,2.670000076,0,0,0,2.650000095,0,0,0,184,218,1763,1763,1,722,961,,,,,,,,1763.233109,4014,184,18844,722,206,110
1844505072,5/1/2016,2573,1.700000048,1.700000048,0,0,0.2599999905,1.450000048,0,0,7,75,585,1541,1541,,,,,,,,,,,1541.659327,2573,89,16476,590,106,77
1844505072,5/2/2016,0,0,0,0,0,0,0,0,0,0,0,1440,1348,1348,,,,,,,,,,,1348.156559,0,0,14408,,,
1844505072,5/3/2016,4059,2.680000067,2.680000067,0,0,0,2.680000067,0,0,0,184,1256,1742,1742,,,,,,,,,,,1742.834844,4059,184,18626,,,
1844505072,5/4/2016,2080,1.370000005,1.370000005,0,0,0,1.370000005,0,0,0,87,1353,1549,1549,,,,,,,,,,,1549.706353,2080,87,16562,,,
1844505072,5/5/2016,2237,1.480000019,1.480000019,0,0,0,1.480000019,0,0,0,120,1320,1589,1589,,,,,,,,,,,1589.941455,2237,120,16992,,,
1844505072,5/6/2016,44,0.02999999933,0.02999999933,0,0,0,0.02999999933,0,0,0,2,1438,1351,1351,,,,,,,,,,,1351.337939,44,2,14442,,,
1844505072,5/7/2016,0,0,0,0,0,0,0,0,0,0,0,1440,1347,1347,,,,,,,,,,,1347.595139,0,0,14402,,,
1844505072,5/8/2016,0,0,0,0,0,0,0,0,0,0,0,1440,1347,1347,,,,,,,,,,,1347.595139,0,0,14402,,,
1844505072,5/9/2016,0,0,0,0,0,0,0,0,0,0,0,1440,1347,1347,,,,,,,,,,,1347.407999,0,0,14400,,,
1844505072,5/10/2016,0,0,0,0,0,0,0,0,0,0,0,1440,1347,1347,,,,,,,,,,,1347.407999,0,0,14400,,,
1844505072,5/11/2016,0,0,0,0,0,0,0,0,0,0,0,1440,1347,1347,,,,,,,,,,,1347.407999,0,0,14400,,,
1844505072,5/12/2016,0,0,0,0,0,0,0,0,0,0,0,711,665,665,,,,,,,,,,,617.5619995,0,0,6600,,,
1927972279,4/12/2016,678,0.4699999988,0.4699999988,0,0,0,0.4699999988,0,0,0,55,734,2220,2220,,,,,,,,,,,2193.219415,678,55,15599,626,24,1
1927972279,4/13/2016,356,0.25,0.25,0,0,0,0.25,0,0,0,32,986,2151,2151,1,398,422,133.5,47.54000092,,FALSE,,,,2151.055833,356,32,15014,398,17,7
1927972279,4/14/2016,2163,1.5,1.5,0,0,0.400000006,1.100000024,0,0,9,88,1292,2383,2383,,,,,,,,,,,2383.009963,2163,106,16633,47,4,0
1927972279,4/15/2016,980,0.6800000072,0.6800000072,0,0,0,0.6800000072,0,0,0,51,941,2221,2221,2,475,499,,,,,,,,2221.831213,980,51,15508,428,20,0
1927972279,4/16/2016,0,0,0,0,0,0,0,0,0,0,0,1440,2064,2064,,,,,,,,,,,2063.088055,0,0,14400,,,
1927972279,4/17/2016,0,0,0,0,0,0,0,0,0,0,0,1440,2063,2063,,,,,,,,,,,2063.374595,0,0,14402,,,
1927972279,4/18/2016,244,0.1700000018,0.1700000018,0,0,0,0.1700000018,0,0,0,17,1423,2111,2111,,,,,,,,,,,2111.226774,244,17,14736,,,
1927972279,4/19/2016,0,0,0,0,0,0,0,0,0,0,0,1440,2063,2063,,,,,,,,,,,2063.088055,0,0,14400,,,
1927972279,4/20/2016,0,0,0,0,0,0,0,0,0,0,0,1440,2063,2063,,,,,,,,,,,2063.088055,0,0,14400,,,
1927972279,4/21/2016,0,0,0,0,0,0,0,0,0,0,0,1440,2064,2064,,,,,,,,,,,2064.090944,0,0,14407,,,
1927972279,4/22/2016,149,0.1000000015,0.1000000015,0,0,0,0.1000000015,0,0,0,10,1430,2093,2093,,,,,,,,,,,2093.461294,149,10,14612,,,
1927972279,4/23/2016,2945,2.039999962,2.039999962,0,0,0,2.039999962,0,0,0,145,1295,2499,2499,,,,,,,,,,,2499.20193,2945,145,17444,,,
1927972279,4/24/2016,2090,1.450000048,1.450000048,0,0.0700000003,0.2399999946,1.139999986,0,1,6,75,1358,2324,2324,,,,,,,,,,,2324.842341,2090,90,16227,,,
1927972279,4/25/2016,152,0.1099999994,0.1099999994,0,0,0,0.1099999994,0,0,0,12,1303,2100,2100,,,,,,,,,,,2098.905554,152,12,14650,115,10,0
1927972279,4/26/2016,3761,2.599999905,2.599999905,0,0,0,2.599999905,0,0,0,192,1058,2638,2638,1,296,315,,,,,,,,2638.460368,3761,192,18416,181,9,0
1927972279,4/27/2016,0,0,0,0,0,0,0,0,0,0,0,1440,2063,2063,,,,,,,,,,,2063.374595,0,0,14402,,,
1927972279,4/28/2016,1675,1.159999967,1.159999967,0,0,0,1.159999967,0,0,0,95,1167,2351,2351,1,166,178,,,,,,,,2351.204022,1675,95,16411,166,12,0
1927972279,4/29/2016,0,0,0,0,0,0,0,0,0,0,0,1440,2063,2063,,,,,,,,,,,2063.088055,0,0,14400,,,
1927972279,4/30/2016,0,0,0,0,0,0,0,0,0,0,0,1440,2064,2064,,,,,,,,,,,2063.088055,0,0,14400,,,
1927972279,5/1/2016,2704,1.870000005,1.870000005,0,1.00999999,0.02999999933,0.8299999833,0,14,1,70,1355,2411,2411,,,,,,,,,,,2411.520696,2704,114,16832,,,
1927972279,5/2/2016,3790,2.619999886,2.619999886,0,1.159999967,0.3000000119,1.159999967,0,16,8,94,1322,2505,2505,,,,,,,,,,,2505.076003,3790,158,17485,,,
1927972279,5/3/2016,1326,0.9200000167,0.9200000167,0,0.7300000191,0,0.1800000072,0,10,0,17,1413,2195,2195,,,,,,,,,,,2195.899345,1326,47,15327,,,
1927972279,5/4/2016,1786,1.24000001,1.24000001,0,0,0,1.24000001,0,0,0,87,1353,2338,2338,,,,,,,,,,,2338.739533,1786,87,16324,,,
1927972279,5/5/2016,0,0,0,0,0,0,0,0,0,0,0,1440,2063,2063,,,,,,,,,,,2063.088055,0,0,14400,,,
1927972279,5/6/2016,2091,1.450000048,1.450000048,0,0,0,1.450000048,0,0,0,108,1332,2383,2383,,,,,,,,,,,2383.009961,2091,108,16633,,,
1927972279,5/7/2016,1510,1.039999962,1.039999962,0,0,0,1.039999962,0,0,0,48,1392,2229,2229,,,,,,,,,,,2229.997603,1510,48,15565,,,
1927972279,5/8/2016,0,0,0,0,0,0,0,0,0,0,0,1440,2063,2063,,,,,,,,,,,2063.231325,0,0,14401,,,
1927972279,5/9/2016,0,0,0,0,0,0,0,0,0,0,0,1440,2063,2063,,,,,,,,,,,2063.088055,0,0,14400,,,
1927972279,5/10/2016,0,0,0,0,0,0,0,0,0,0,0,1440,2063,2063,,,,,,,,,,,2063.088055,0,0,14400,,,
1927972279,5/11/2016,0,0,0,0,0,0,0,0,0,0,0,1440,2063,2063,,,,,,,,,,,2063.088055,0,0,14400,,,
1927972279,5/12/2016,0,0,0,0,0,0,0,0,0,0,0,966,1383,1383,,,,,,,,,,,1375.392036,0,0,9600,,,
2022484408,4/12/2016,11875,8.340000153,8.340000153,0,3.309999943,0.7699999809,4.260000229,0,42,14,227,1157,2390,2390,,,,,,,,75.80417701,52,134,2390.341977,11875,381,23035,,,
2022484408,4/13/2016,12024,8.5,8.5,0,2.99000001,0.1000000015,5.409999847,0,43,5,292,1100,2601,2601,,,,,,,,,,,2601.929011,12024,431,25074,,,
2022484408,4/14/2016,10690,7.5,7.5,0,2.480000019,0.2099999934,4.820000172,0,32,3,257,1148,2312,2312,,,,,,,,,,,2312.929562,10690,359,22289,,,
2022484408,4/15/2016,11034,8.029999733,8.029999733,0,1.940000057,0.3100000024,5.78000021,0,27,9,282,1122,2525,2525,,,,,,,,,,,2525.969371,11034,381,24342,,,
2022484408,4/16/2016,10100,7.090000153,7.090000153,0,3.150000095,0.5500000119,3.390000105,0,41,11,151,1237,2177,2177,,,,,,,,,,,2177.509735,10100,296,20984,,,
2022484408,4/17/2016,15112,11.39999962,11.39999962,0,3.869999886,0.6600000262,6.880000114,0,28,29,331,1052,2782,2782,,,,,,,,,,,2782.488814,15112,473,26814,,,
2022484408,4/18/2016,14131,10.06999969,10.06999969,0,3.640000105,0.1199999973,6.300000191,0,48,3,311,1078,2770,2770,,,,,,,,,,,2770.866568,14131,461,26702,,,
2022484408,4/19/2016,11548,8.529999733,8.529999733,0,3.289999962,0.2399999946,5,0,31,7,250,1152,2489,2489,,,,,,,,,,,2488.404637,11548,357,23980,,,
2022484408,4/20/2016,15112,10.67000008,10.67000008,0,3.339999914,1.929999948,5.400000095,0,48,63,276,1053,2897,2897,,,,,,,,,,,2897.25842,15112,546,27920,,,
2022484408,4/21/2016,12453,8.739999771,8.739999771,0,3.329999924,1.110000014,4.309999943,0,104,53,255,1028,3158,3158,,,,,,,,,,,3158.551289,12453,673,30438,,,
2022484408,4/22/2016,12954,9.329999924,9.329999924,0,4.429999828,0.4199999869,4.46999979,0,52,10,273,1105,2638,2638,,,,,,,,,,,2638.974889,12954,449,25431,,,
2022484408,4/23/2016,6001,4.210000038,4.210000038,0,0,0,4.210000038,0,0,0,249,1191,2069,2069,,,,,,,,,,,2069.173841,6001,249,19940,,,
2022484408,4/24/2016,13481,10.27999973,10.27999973,0,4.550000191,1.149999976,4.579999924,0,37,26,216,1161,2529,2529,,,,,,,,,,,2529.705103,13481,379,24378,,,
2022484408,4/25/2016,11369,8.010000229,8.010000229,0,3.329999924,0.2199999988,4.460000038,0,44,8,217,1171,2470,2470,,,,,,,,,,,2470.244898,11369,365,23805,,,
2022484408,4/26/2016,10119,7.190000057,7.190000057,0,1.429999948,0.6600000262,5.110000134,0,55,24,275,1086,2793,2793,,,,,,,,,,,2793.280883,10119,488,26918,,,
2022484408,4/27/2016,10159,7.130000114,7.130000114,0,1.039999962,0.9700000286,5.119999886,0,19,20,282,1119,2463,2463,,,,,,,,,,,2463.188529,10159,379,23737,,,
2022484408,4/28/2016,10140,7.119999886,7.119999886,0,0.4099999964,1.330000043,5.389999866,0,6,20,291,1123,2296,2296,,,,,,,,,,,2296.01505,10140,349,22126,,,
2022484408,4/29/2016,10245,7.190000057,7.190000057,0,0.4799999893,1.210000038,5.5,0,21,40,281,1098,2611,2611,,,,,,,,,,,2611.475851,10245,424,25166,,,
2022484408,4/30/2016,18387,12.90999985,12.90999985,0,0.9399999976,1.399999976,10.56999969,0,13,23,361,1043,2732,2732,,,,,,,,,,,2732.264127,18387,446,26330,,,
2022484408,5/1/2016,10538,7.400000095,7.400000095,0,1.940000057,0.9599999785,4.5,0,25,28,245,1142,2380,2380,,,,,,,,73.53145917,44,118,2380.483838,10538,376,22940,,,
2022484408,5/2/2016,10379,7.289999962,7.289999962,0,2.609999895,0.3400000036,4.329999924,0,36,8,277,1119,2473,2473,,,,,,,,77.17174303,50,137,2473.980609,10379,401,23841,,,
2022484408,5/3/2016,12183,8.739999771,8.739999771,0,3.99000001,0.4600000083,4.28000021,0,72,14,250,1104,2752,2752,,,,,,,,83.01962158,51,169,2752.291735,12183,494,26523,,,
2022484408,5/4/2016,11768,8.289999962,8.289999962,0,2.50999999,0.9300000072,4.849999905,0,36,27,272,1105,2649,2649,,,,,,,,82.80337349,54,159,2649.663213,11768,434,25534,,,
2022484408,5/5/2016,11895,8.350000381,8.350000381,0,2.789999962,0.8600000143,4.699999809,0,55,20,253,1112,2609,2609,,,,,,,,80.71003112,55,156,2609.296691,11895,458,25145,,,
2022484408,5/6/2016,10227,7.179999828,7.179999828,0,1.870000005,0.6700000167,4.639999866,0,24,17,295,1104,2498,2498,,,,,,,,81.7220978,60,118,2498.677861,10227,401,24079,,,
2022484408,5/7/2016,6708,4.710000038,4.710000038,0,1.610000014,0.07999999821,3.019999981,0,20,2,149,1269,1995,1995,,,,,,,,76.06818182,52,128,1995.704696,6708,213,19232,,,
2022484408,5/8/2016,3292,2.309999943,2.309999943,0,0,0,2.309999943,0,0,0,135,1305,1848,1848,,,,,,,,76.95872093,53,127,1847.209837,3292,135,17801,,,
2022484408,5/9/2016,13379,9.390000343,9.390000343,0,2.119999886,1.629999995,5.639999866,0,35,47,297,1061,2709,2709,,,,,,,,81.51448232,51,133,2709.330958,13379,496,26109,,,
2022484408,5/10/2016,12798,8.979999542,8.979999542,0,2.220000029,1.210000038,5.559999943,0,57,28,271,1084,2797,2797,,,,,,,,86.58479771,57,166,2797.327929,12798,498,26957,,,
2022484408,5/11/2016,13272,9.319999695,9.319999695,0,4.179999828,1.149999976,3.99000001,0,58,25,224,1133,2544,2544,,,,,,,,83.52272192,55,138,2544.647983,13272,448,24522,,,
2022484408,5/12/2016,9117,6.409999847,6.409999847,0,1.279999971,0.6700000167,4.440000057,0,16,16,236,728,1853,1853,,,,,,,,81.41366601,55,152,1622.962817,7674,268,15640,,,
2026352035,4/12/2016,4414,2.74000001,2.74000001,0,0.1899999976,0.349999994,2.200000048,0,3,8,181,706,1459,1459,,,,,,,,,,,1459.513287,4414,206,18830,504,33,5
2026352035,4/13/2016,4993,3.099999905,3.099999905,0,0,0,3.099999905,0,0,0,238,663,1521,1521,1,531,565,,,,,,,,1521.986346,4993,238,19636,511,24,4
2026352035,4/14/2016,3335,2.069999933,2.069999933,0,0,0,2.049999952,0,0,0,197,653,1431,1431,1,545,568,,,,,,,,1430.912097,3305,197,18461,560,25,5
2026352035,4/15/2016,3821,2.369999886,2.369999886,0,0,0,2.369999886,0,0,0,188,687,1444,1444,1,523,573,,,,,,,,1444.941408,3821,188,18642,517,41,7
2026352035,4/16/2016,2547,1.580000043,1.580000043,0,0,0,1.580000043,0,0,0,150,728,1373,1373,1,524,567,,,,,,,,1373.787227,2547,150,17724,500,57,5
2026352035,4/17/2016,838,0.5199999809,0.5199999809,0,0,0,0.5199999809,0,0,0,60,1053,1214,1214,1,437,498,,,,,,,,1214.969239,838,60,15675,309,18,0
2026352035,4/18/2016,3325,2.059999943,2.059999943,0,0,0,2.059999943,0,0,0,182,1062,1419,1419,,,,,,,,,,,1419.053067,3325,182,18308,169,23,4
2026352035,4/19/2016,2424,1.5,1.5,0,0,0,1.5,0,0,0,141,785,1356,1356,1,498,540,,,,,,,,1356.114947,2424,141,17496,469,41,4
2026352035,4/20/2016,7222,4.480000019,4.480000019,0,0,0,4.480000019,0,0,0,327,623,1667,1667,1,461,510,,,,,,,,1667.162577,7222,327,21509,443,47,0
2026352035,4/21/2016,2467,1.529999971,1.529999971,0,0,0,1.529999971,0,0,0,153,749,1370,1370,1,477,514,,,,,,,,1370.609317,2467,153,17683,510,28,0
2026352035,4/22/2016,2915,1.809999943,1.809999943,0,0,0,1.809999943,0,0,0,162,712,1399,1399,1,520,545,,,,,,,,1399.288018,2915,162,18053,534,26,6
2026352035,4/23/2016,12357,7.710000038,7.710000038,0,0,0,7.710000038,0,0,0,432,458,1916,1916,1,522,554,,,,,,,,1915.892167,12357,432,24718,513,33,4
2026352035,4/24/2016,3490,2.160000086,2.160000086,0,0,0,2.160000086,0,0,0,164,704,1401,1401,1,555,591,,,,,,,,1401.380787,3490,164,18080,549,18,5
2026352035,4/25/2016,6017,3.730000019,3.730000019,0,0,0,3.730000019,0,0,0,260,821,1576,1576,1,506,531,,,,,,,,1576.940938,6017,260,20345,352,7,0
2026352035,4/26/2016,5933,3.680000067,3.680000067,0,0,0,3.680000067,0,0,0,288,1018,1595,1595,,,,,,,,,,,1595.310806,5933,288,20582,113,21,0
2026352035,4/27/2016,6088,3.769999981,3.769999981,0,0,0,3.769999981,0,0,0,286,586,1593,1593,1,508,545,,,,,,,,1593.450566,6088,286,20558,532,31,5
2026352035,4/28/2016,6375,3.950000048,3.950000048,0,0,0,3.950000048,0,0,0,331,626,1649,1649,1,513,545,,,,,,,,1649.800335,6375,331,21285,462,17,4
2026352035,4/29/2016,7604,4.710000038,4.710000038,0,0,0,4.710000038,0,0,0,352,492,1692,1692,1,490,510,,,,,,,,1692.895895,7604,352,21841,557,34,5
2026352035,4/30/2016,4729,2.930000067,2.930000067,0,0,0,2.930000067,0,0,0,233,594,1506,1506,1,573,607,,,,,,,,1506.406836,4729,233,19435,592,17,4
2026352035,5/1/2016,3609,2.279999971,2.279999971,0,0,0,2.279999971,0,0,0,191,716,1447,1447,,,,,,,,,,,1447.654257,3609,191,18677,503,26,4
2026352035,5/2/2016,7018,4.349999905,4.349999905,0,0,0,4.349999905,0,0,0,355,716,1690,1690,,,,,,,,84.13457077,70,122,1690.338065,7018,355,21808,363,6,0
2026352035,5/3/2016,5992,3.720000029,3.720000029,0,0,0,3.720000029,0,0,0,304,981,1604,1604,,,,,,,,,,,1604.301966,5992,304,20698,143,11,1
2026352035,5/4/2016,6564,4.070000172,4.070000172,0,0,0,4.070000172,0,0,0,345,530,1658,1658,,,,,,,,,,,1658.403945,6564,345,21396,541,23,0
2026352035,5/5/2016,12167,7.539999962,7.539999962,0,0,0,7.539999962,0,0,0,475,479,1926,1926,,,,,,,,,,,1926.511033,12167,475,24855,464,21,1
2026352035,5/6/2016,8198,5.079999924,5.079999924,0,0,0,5.079999924,0,0,0,383,511,1736,1736,,,,,,,,,,,1736.921574,8198,383,22409,534,11,1
2026352035,5/7/2016,4193,2.599999905,2.599999905,0,0,0,2.599999905,0,0,0,229,665,1491,1491,,,,,,,,,,,1491.369896,4193,229,19241,521,21,3
2026352035,5/8/2016,5528,3.450000048,3.450000048,0,0,0,3.450000048,0,0,0,258,610,1555,1555,,,,,,,,,,,1555.160626,5528,258,20064,546,24,2
2026352035,5/9/2016,10685,6.619999886,6.619999886,0,0,0,6.599999905,0,0,0,401,543,1869,1869,,,,,,,,98.23390081,70,123,1866.285764,10652,401,24078,478,14,4
2026352035,5/10/2016,254,0.1599999964,0.1599999964,0,0,0,0.1599999964,0,0,0,17,1002,1141,1141,,,,,,,,,,,1141.412249,254,17,14726,389,30,2
2026352035,5/11/2016,8580,5.320000172,5.320000172,0,0,0,5.320000172,0,0,0,330,569,1698,1698,,,,,,,,,,,1698.631635,8580,330,21915,512,25,4
2026352035,5/12/2016,8891,5.510000229,5.510000229,0,0,0,5.510000229,0,0,0,343,330,1364,1364,,,,,,,,,,,1296.199718,8449,320,16723,321,9,0
2320127002,4/12/2016,10725,7.489999771,7.489999771,0,1.169999957,0.3100000024,6.010000229,0,13,9,306,1112,2124,2124,,,,,,,,,,,2124.280006,10725,363,23090,,,
2320127002,4/13/2016,7275,4.900000095,4.900000095,0,0,0,4.900000095,0,0,0,335,1105,2003,2003,,,,,,,,,,,2003.943998,7275,335,21782,,,
2320127002,4/14/2016,3973,2.680000067,2.680000067,0,0,0,2.680000067,0,0,0,191,1249,1696,1696,,,,,,,,,,,1696.112011,3973,191,18436,,,
2320127002,4/15/2016,5205,3.50999999,3.50999999,0,0,0,3.50999999,0,0,0,245,1195,1801,1801,,,,,,,,,,,1801.912009,5205,245,19586,,,
2320127002,4/16/2016,5057,3.410000086,3.410000086,0,0,0,3.400000095,0,0,0,195,1245,1724,1724,,,,,,,,,,,1724.264014,5044,195,18742,,,
2320127002,4/17/2016,6198,4.179999828,4.179999828,0,0,0,4.179999828,0,0,0,249,1191,1852,1852,,,,,,,,,,,1852.880006,6198,249,20140,,,
2320127002,4/18/2016,6559,4.420000076,4.420000076,0,0,0.2599999905,4.139999866,0,0,7,260,1173,1905,1905,,,,,,,,,,,1905.136,6538,274,20708,,,
2320127002,4/19/2016,5997,4.039999962,4.039999962,0,0,0.3799999952,3.660000086,0,0,11,228,1201,1811,1811,,,,,,,,,,,1811.664011,5997,250,19692,,,
2320127002,4/20/2016,7192,4.849999905,4.849999905,0,0,0.4900000095,4.340000153,0,0,11,283,1146,1922,1922,,,,,,,,,,,1922.616006,7162,305,20898,,,
2320127002,4/21/2016,3404,2.289999962,2.289999962,0,0.05999999866,0.4199999869,1.809999943,0,1,10,127,1302,1610,1610,,,,,,,,,,,1610.920015,3404,150,17510,,,
2320127002,4/22/2016,5583,3.75999999,3.75999999,0,0,0,3.75999999,0,0,0,266,1174,1851,1851,,,,,,,,,,,1851.960005,5583,266,20130,,,
2320127002,4/23/2016,5079,3.420000076,3.420000076,0,0,0,3.420000076,0,0,0,242,1129,1804,1804,1,61,69,,,,,,,,1804.304005,5079,242,19612,61,4,4
2320127002,4/24/2016,4165,2.809999943,2.809999943,0,0,0,2.799999952,0,0,0,204,1236,1725,1725,,,,,,,,,,,1725.184008,4159,204,18752,,,
2320127002,4/25/2016,3588,2.420000076,2.420000076,0,0.2300000042,0.200000003,1.99000001,0,3,5,152,1280,1654,1654,,,,,,,,,,,1654.344011,3588,171,17982,,,
2320127002,4/26/2016,3409,2.299999952,2.299999952,0,0,0,2.299999952,0,0,0,147,1293,1632,1632,,,,,,,,,,,1632.816013,3409,147,17748,,,
2320127002,4/27/2016,1715,1.159999967,1.159999967,0,0,0,1.159999967,0,0,0,82,1358,1481,1481,,,,,,,,,,,1481.384019,1715,82,16102,,,
2320127002,4/28/2016,1532,1.029999971,1.029999971,0,0,0,1.029999971,0,0,0,76,1364,1473,1473,,,,,,,,,,,1473.288019,1532,76,16014,,,
2320127002,4/29/2016,924,0.6200000048,0.6200000048,0,0,0,0.6200000048,0,0,0,45,1395,1410,1410,,,,,,,,,,,1410.728021,924,45,15334,,,
2320127002,4/30/2016,4571,3.079999924,3.079999924,0,0,0,3.069999933,0,0,0,234,1206,1779,1779,,,,,,,,,,,1779.096005,4558,234,19338,,,
2320127002,5/1/2016,772,0.5199999809,0.5199999809,0,0,0,0.5199999809,0,0,0,40,1400,1403,1403,,,,,,,,,,,1403.736021,772,40,15258,,,
2320127002,5/2/2016,3634,2.450000048,2.450000048,0,0.3600000143,0.2099999934,1.879999995,0,5,6,123,1306,1613,1613,,,,,,,,,,,1613.496017,3634,150,17538,,,
2320127002,5/3/2016,7443,5.019999981,5.019999981,0,1.49000001,0.3700000048,3.160000086,0,20,10,206,1204,1878,1878,,,,,,,,,,,1878.824012,7443,286,20422,,,
2320127002,5/4/2016,1201,0.8100000024,0.8100000024,0,0,0,0.8100000024,0,0,0,52,1388,1426,1426,,,,,,,,,,,1426.736021,1201,52,15508,,,
2320127002,5/5/2016,5202,3.50999999,3.50999999,0,0,0.3899999857,3.109999895,0,0,11,223,1206,1780,1780,,,,,,,,,,,1780.752011,5202,245,19356,,,
2320127002,5/6/2016,4878,3.289999962,3.289999962,0,0,0,3.289999962,0,0,0,204,1236,1742,1742,,,,,,,,,,,1742.664011,4878,204,18942,,,
2320127002,5/7/2016,7379,4.96999979,4.96999979,0,0,0,4.96999979,0,0,0,319,1121,1972,1972,,,,,,,,,,,1972.664004,7379,319,21442,,,
2320127002,5/8/2016,5161,3.480000019,3.480000019,0,0,0,3.470000029,0,0,0,247,1193,1821,1821,,,,,,,,,,,1821.968003,5153,247,19804,,,
2320127002,5/9/2016,3090,2.079999924,2.079999924,0,0,0,2.079999924,0,0,0,145,1295,1630,1630,,,,,,,,,,,1630.240009,3090,145,17720,,,
2320127002,5/10/2016,6227,4.199999809,4.199999809,0,0,0,4.199999809,0,0,0,290,1150,1899,1899,,,,,,,,,,,1899.064003,6227,290,20642,,,
2320127002,5/11/2016,6424,4.329999924,4.329999924,0,0,0,4.329999924,0,0,0,300,1140,1903,1903,,,,,,,,,,,1903.664006,6424,300,20692,,,
2320127002,5/12/2016,2661,1.789999962,1.789999962,0,0,0,1.789999962,0,0,0,128,830,1125,1125,,,,,,,,,,,1064.256008,2564,124,11568,,,
2347167796,4/12/2016,10113,6.829999924,6.829999924,0,2,0.6200000048,4.199999809,0,28,13,320,964,2344,2344,,,,,,,,86.08233378,57,172,2344.351418,10113,430,24924,107,6,2
2347167796,4/13/2016,10352,7.010000229,7.010000229,0,1.659999967,1.940000057,3.410000086,0,19,32,195,676,2038,2038,1,467,531,,,,,,,,2038.75048,10352,316,21675,441,75,2
2347167796,4/14/2016,10129,6.699999809,6.699999809,0,0.01999999955,2.74000001,3.940000057,0,1,48,206,705,2010,2010,1,445,489,,,,,,,,2010.626543,10129,305,21376,450,27,3
2347167796,4/15/2016,10465,6.920000076,6.920000076,0,0.0700000003,1.419999957,5.429999828,0,1,24,284,720,2133,2133,1,452,504,,,,,,,,2133.374841,10465,335,22681,366,42,3
2347167796,4/16/2016,22244,15.07999992,15.07999992,0,5.449999809,4.099999905,5.53000021,0,66,72,268,968,2670,2670,,,,,,,,,,,2670.551496,22244,610,28392,62,4,0
2347167796,4/17/2016,5472,3.619999886,3.619999886,0,0.07999999821,0.2800000012,3.25999999,0,1,7,249,508,1882,1882,1,556,602,,,,,,,,1882.610883,5472,266,20015,627,43,5
2347167796,4/18/2016,8247,5.449999809,5.449999809,0,0.7900000215,0.8600000143,3.789999962,0,11,16,206,678,1944,1944,1,500,557,,,,,,,,1944.596419,8247,271,20674,460,63,6
2347167796,4/19/2016,6711,4.440000057,4.440000057,0,0,0,4.440000057,0,0,7,382,648,2346,2346,1,465,514,,,,,,,,2346.044503,6711,396,24942,372,28,3
2347167796,4/20/2016,10999,7.269999981,7.269999981,0,0.6800000072,1.809999943,4.78000021,0,11,43,269,1011,2198,2198,,,,,,,,,,,2198.276242,10999,388,23371,98,8,0
2347167796,4/21/2016,10080,6.75,6.75,0,1.850000024,1.529999971,3.380000114,0,23,26,208,761,2048,2048,1,460,484,,,,,,,,2048.8149,10080,329,21782,400,18,4
2347167796,4/22/2016,7804,5.159999847,5.159999847,0,0.5600000024,1.679999948,2.920000076,0,9,27,206,781,1946,1946,1,405,461,,,,,,,,1946.195439,7804,287,20691,367,47,3
2347167796,4/23/2016,16901,11.36999989,11.36999989,0,2.779999971,1.450000048,7.150000095,0,32,35,360,591,2629,2629,1,374,386,,,,,,,,2629.259162,16901,526,27953,407,15,0
2347167796,4/24/2016,9471,6.260000229,6.260000229,0,0,0,6.260000229,0,0,0,360,584,2187,2187,1,442,459,,,,,,,,2186.612798,9471,360,23247,482,14,0
2347167796,4/25/2016,9482,6.380000114,6.380000114,0,1.269999981,0.5199999809,4.599999905,0,15,11,277,653,2095,2095,1,433,471,,,,,,,,2095.186481,9482,344,22275,433,48,3
2347167796,4/26/2016,5980,3.950000048,3.950000048,0,0,0,3.950000048,0,0,0,227,732,1861,1861,1,436,490,,,,,,,,1861.1652,5980,227,19787,431,46,3
2347167796,4/27/2016,11423,7.579999924,7.579999924,0,1.860000014,0.400000006,5.320000172,0,26,9,295,623,2194,2194,1,448,499,,,,,,,,2194.231658,11423,391,23328,432,49,6
2347167796,4/28/2016,5439,3.599999905,3.599999905,0,0,0,3.599999905,0,0,0,229,764,1854,1854,1,408,450,,,,,,,,1854.769119,5439,229,19719,414,32,1
2347167796,4/29/2016,42,0.02999999933,0.02999999933,0,0,0,0.02999999933,0,0,0,4,2,403,403,1,411,473,,,,,,,,344.7298923,25,2,3665,353,57,2
2873212765,4/12/2016,8796,5.909999847,5.909999847,0,0.1099999994,0.9300000072,4.880000114,0,2,21,356,1061,1982,1982,,,,,,,,,,,1982.323109,8796,404,22570,,,
2873212765,4/13/2016,7618,5.119999886,5.119999886,0,0,0.2199999988,4.880000114,0.01999999955,0,8,404,1028,2004,2004,,,,,,,,,,,2004.280608,7618,420,22820,,,
2873212765,4/14/2016,7910,5.320000172,5.320000172,0,0,0,5.320000172,0,0,0,331,1109,1893,1893,,,,,,,,,,,1893.26349,7910,331,21556,,,
2873212765,4/15/2016,8482,5.699999809,5.699999809,0,0,0,5.690000057,0.009999999776,0,0,448,992,2063,2063,,,,,,,,,,,2063.653688,8482,448,23496,,,
2873212765,4/16/2016,9685,6.650000095,6.650000095,0,3.109999895,0.01999999955,3.50999999,0.009999999776,47,1,305,1087,2148,2148,,,,,,,,,,,2148.571249,9677,448,24484,,,
2873212765,4/17/2016,2524,1.700000048,1.700000048,0,0,0.349999994,1.340000033,0,0,8,160,1272,1529,1529,,,,,,,,,,,1529.998614,2524,176,17420,,,
2873212765,4/18/2016,7762,5.239999771,5.239999771,0,0.0700000003,0.2800000012,4.889999866,0,1,6,311,1122,1890,1890,,,,,,,,,,,1890.189436,7762,326,21521,,,
2873212765,4/19/2016,7948,5.369999886,5.369999886,0,0,0,5.360000134,0,0,0,389,1051,1956,1956,,,,,,,,,,,1956.940237,7948,389,22281,,,
2873212765,4/20/2016,9202,6.300000191,6.300000191,0,1.50999999,0.1199999973,4.659999847,0.009999999776,22,5,378,1035,2094,2094,,,,,,,,,,,2102.773178,9202,454,23940,,,
2873212765,4/21/2016,8859,5.980000019,5.980000019,0,0.1299999952,0.3700000048,5.46999979,0.009999999776,2,10,371,1057,1970,1970,,,,56.70000076,21.45000076,,TRUE,,,,1970.161024,8859,397,22529,,,
2873212765,4/22/2016,7286,4.900000095,4.900000095,0,0.4600000083,0,4.420000076,0.01999999955,46,0,366,1028,2241,2241,,,,,,,,,,,1950.484771,7286,389,22304,,,
2873212765,4/23/2016,9317,6.349999905,6.349999905,0,2.089999914,0.2300000042,4.019999981,0.009999999776,28,5,330,1077,2021,2021,,,,,,,,,,,2021.056922,9317,424,23111,,,
2873212765,4/24/2016,6873,4.679999828,4.679999828,0,3,0.05999999866,1.620000005,0,46,1,190,1203,1898,1898,,,,,,,,,,,1898.159944,6873,330,21696,,,
2873212765,4/25/2016,7373,4.949999809,4.949999809,0,0,0,4.949999809,0,0,0,359,1081,1907,1907,,,,,,,,,,,1907.109573,7373,359,21808,,,
2873212765,4/26/2016,8242,5.539999962,5.539999962,0,0.1199999973,0.1800000072,5.239999771,0,2,5,309,1124,1882,1882,,,,,,,,,,,1882.973373,8242,325,21532,,,
2873212765,4/27/2016,3516,2.359999895,2.359999895,0,0,0,2.359999895,0,46,0,197,1197,1966,1966,,,,,,,,,,,1966.545845,3516,335,22478,,,
2873212765,4/28/2016,7913,5.409999847,5.409999847,0,2.160000086,0.3400000036,2.910000086,0,28,7,213,1192,1835,1835,,,,,,,,,,,1835.837821,7913,311,20993,,,
2873212765,4/29/2016,7365,4.949999809,4.949999809,0,1.360000014,1.409999967,2.180000067,0,20,23,206,1191,1780,1780,,,,,,,,,,,1780.481969,7365,312,20360,,,
2873212765,4/30/2016,8452,5.679999828,5.679999828,0,0.3300000131,1.080000043,4.260000229,0.009999999776,5,20,248,1167,1830,1830,,,,,,,,,,,1830.678271,8452,303,20934,,,
2873212765,5/1/2016,7399,4.96999979,4.96999979,0,0.4900000095,1.039999962,3.440000057,0,7,18,196,1219,1739,1739,,,,,,,,,,,1739.73027,7399,253,19894,,,
2873212765,5/2/2016,7525,5.059999943,5.059999943,0,0,0.2099999934,4.829999924,0.01999999955,0,7,334,1099,1878,1878,,,,,,,,,,,1878.775775,7525,348,21484,,,
2873212765,5/3/2016,7412,4.980000019,4.980000019,0,0.05999999866,0.25,4.659999847,0.009999999776,1,6,363,1070,1906,1906,,,,,,,,,,,1906.060175,7412,378,21796,,,
2873212765,5/4/2016,8278,5.559999943,5.559999943,0,0,0,5.559999943,0,0,0,420,1020,2015,2015,,,,,,,,,,,2015.022877,8278,420,23042,,,
2873212765,5/5/2016,8314,5.610000134,5.610000134,0,0.7799999714,0.8000000119,4.03000021,0,13,23,311,1093,1971,1971,,,,,,,,,,,1971.385322,8314,396,22543,,,
2873212765,5/6/2016,7063,4.75,4.75,0,0,0.1199999973,4.610000134,0.009999999776,0,5,370,1065,1910,1910,,,,,,,,,,,1910.782474,7063,380,21850,,,
2873212765,5/7/2016,4940,3.380000114,3.380000114,0,2.279999971,0.5500000119,0.5500000119,0,75,11,52,1302,1897,1897,,,,,,,,,,,1897.635244,4940,299,21690,,,
2873212765,5/8/2016,8168,5.539999962,5.539999962,0,2.900000095,0,2.640000105,0,46,0,326,1068,2096,2096,,,,,,,,,,,2096.671449,8168,464,23966,,,
2873212765,5/9/2016,7726,5.190000057,5.190000057,0,0,0,5.190000057,0,0,0,345,1095,1906,1906,,,,,,,,,,,1906.934674,7726,345,21806,,,
2873212765,5/10/2016,8275,5.559999943,5.559999943,0,0,0,5.550000191,0.009999999776,0,0,373,1067,1962,1962,,,,,,,,,,,1962.377975,8275,373,22440,,,
2873212765,5/11/2016,6440,4.329999924,4.329999924,0,0,0,4.320000172,0.009999999776,0,0,319,1121,1826,1826,,,,,,,,,,,1817.910575,6440,319,20788,,,
2873212765,5/12/2016,7566,5.110000134,5.110000134,0,0,0,5.110000134,0,0,0,268,720,1431,1431,,,,57.29999924,21.69000053,,TRUE,,,,1393.671725,7475,259,15857,,,
3372868164,4/12/2016,4747,3.24000001,3.24000001,0,0,0,3.230000019,0.009999999776,0,0,280,1160,1788,1788,,,,,,,,,,,1788.106539,4747,280,19118,,,
3372868164,4/13/2016,9715,6.630000114,6.630000114,0,0.9900000095,0.3400000036,5.269999981,0.01999999955,16,8,371,1045,2093,2093,,,,,,,,,,,2093.201403,9715,435,22380,,,
3372868164,4/14/2016,8844,6.03000021,6.03000021,0,0.3400000036,1.029999971,4.650000095,0.009999999776,6,25,370,1039,2065,2065,,,,,,,,,,,2065.329464,8844,438,22082,,,
3372868164,4/15/2016,7451,5.079999924,5.079999924,0,0,0,5.059999943,0.01999999955,0,0,335,1105,1908,1908,,,,,,,,,,,1908.386123,7451,335,20404,,,
3372868164,4/16/2016,6905,4.730000019,4.730000019,0,0,0,4.699999809,0.02999999933,0,0,356,1084,1908,1908,,,,,,,,,,,1908.105531,6905,356,20401,,,
3372868164,4/17/2016,8199,5.880000114,5.880000114,0,1.409999967,0.1000000015,4.360000134,0.009999999776,11,2,322,1105,1964,1964,,,,,,,,,,,1964.410591,8199,359,21003,,,
3372868164,4/18/2016,6798,4.639999866,4.639999866,0,1.080000043,0.200000003,3.349999905,0,20,7,343,1070,2014,2014,,,,,,,,,,,2014.075022,6798,417,21534,,,
3372868164,4/19/2016,7711,5.260000229,5.260000229,0,0,0,5.239999771,0.01999999955,0,0,376,1064,1985,1985,,,,,,,,,,,1985.828965,7711,376,21232,,,
3372868164,4/20/2016,4880,3.329999924,3.329999924,0,0.8399999738,0.09000000358,2.380000114,0.01999999955,15,3,274,1148,1867,1867,,,,,,,,,,,1867.981158,4880,325,19972,,,
3372868164,4/21/2016,8857,6.070000172,6.070000172,0,1.149999976,0.2599999905,4.639999866,0.009999999776,18,9,376,1037,2124,2124,,,,,,,,,,,2124.159835,8857,448,22711,,,
3372868164,4/22/2016,3843,2.619999886,2.619999886,0,0,0,2.609999895,0.009999999776,0,0,206,1234,1669,1669,,,,,,,,,,,1669.510497,3843,206,17850,,,
3372868164,4/23/2016,7396,5.070000172,5.070000172,0,1.399999976,0.07999999821,3.579999924,0,20,2,303,1115,1995,1995,,,,,,,,,,,1995.462551,7396,367,21335,,,
3372868164,4/24/2016,6731,4.590000153,4.590000153,0,0.8899999857,0.1899999976,3.49000001,0.01999999955,14,7,292,1127,1921,1921,,,,,,,,,,,1921.480319,6731,348,20544,,,
3372868164,4/25/2016,5995,4.090000153,4.090000153,0,0,0,4.090000153,0,0,0,416,1024,2010,2010,,,,,,,,,,,2010.707946,5995,416,21498,,,
3372868164,4/26/2016,8283,5.789999962,5.789999962,0,1.850000024,0.05000000075,3.869999886,0.009999999776,22,2,333,1083,2057,2057,,,,,,,,,,,2057.005293,8283,403,21993,,,
3372868164,4/27/2016,7904,5.420000076,5.420000076,0,1.580000043,0.6299999952,3.190000057,0.009999999776,24,13,346,1057,2095,2095,,,,,,,,,,,2095.913774,7904,444,22409,,,
3372868164,4/28/2016,5512,3.75999999,3.75999999,0,0,0,3.75999999,0,0,0,385,1055,1972,1972,,,,,,,,,,,1972.547702,5512,385,21090,,,
3372868164,4/29/2016,9135,6.230000019,6.230000019,0,0,0,6.21999979,0.009999999776,0,0,402,1038,2044,2044,,,,,,,,,,,2044.939925,9135,402,21864,,,
3372868164,4/30/2016,5250,3.579999924,3.579999924,0,1.059999943,0.09000000358,2.420000076,0.009999999776,17,4,300,1119,1946,1946,,,,,,,,,,,1946.920483,5250,359,20816,,,
3372868164,5/1/2016,3077,2.099999905,2.099999905,0,0,0,2.089999914,0,0,0,172,842,1237,1237,,,,,,,,,,,1166.506158,2901,160,12472,,,
3977333714,4/12/2016,8856,5.980000019,5.980000019,0,3.059999943,0.9100000262,2.00999999,0,44,19,131,777,1450,1450,,,,,,,,,,,1450.653908,8856,301,20644,274,182,13
3977333714,4/13/2016,10035,6.710000038,6.710000038,0,2.029999971,2.130000114,2.549999952,0,31,46,153,754,1495,1495,2,295,456,,,,,,,,1495.767249,10035,338,21286,295,155,6
3977333714,4/14/2016,7641,5.110000134,5.110000134,0,0.3199999928,0.9700000286,3.819999933,0,5,23,214,801,1433,1433,1,291,397,,,,,,,,1433.29722,7641,275,20397,291,101,5
3977333714,4/15/2016,9010,6.059999943,6.059999943,0,1.049999952,1.75,3.25999999,0,15,42,183,644,1468,1468,1,424,556,,,,,,,,1468.572758,9010,312,20899,424,130,2
3977333714,4/16/2016,13459,9,9,0,2.029999971,4,2.970000029,0,31,83,153,663,1625,1625,1,283,510,,,,,,,,1625.064051,13459,412,23126,283,227,0
3977333714,4/17/2016,10415,6.96999979,6.96999979,0,0.6999999881,2.349999905,3.920000076,0,11,58,205,600,1529,1529,1,381,566,,,,,,,,1529.707659,10415,354,21769,381,181,4
3977333714,4/18/2016,11663,7.800000191,7.800000191,0,0.25,3.730000019,3.819999933,0,4,95,214,605,1584,1584,2,412,522,,,,,,,,1584.377718,11663,416,22547,412,107,3
3977333714,4/19/2016,12414,8.779999733,8.779999733,0,2.24000001,2.450000048,3.960000038,0,19,67,221,738,1638,1638,1,219,395,,,,,,,,1631.036997,12257,412,23211,219,172,4
3977333714,4/20/2016,11658,7.829999924,7.829999924,0,0.200000003,4.349999905,3.279999971,0,2,98,164,845,1554,1554,2,152,305,,,,,,,,1554.723778,11658,366,22125,152,172,7
3977333714,4/21/2016,6093,4.079999924,4.079999924,0,0,0,4.059999943,0,0,0,242,712,1397,1397,1,332,512,,,,,,,,1396.3352,6072,242,19871,332,150,4
3977333714,4/22/2016,8911,5.960000038,5.960000038,0,2.329999924,0.5799999833,3.059999943,0,33,12,188,731,1481,1481,1,355,476,,,,,,,,1481.3619,8911,311,21081,355,120,1
3977333714,4/23/2016,12058,8.069999695,8.069999695,0,0,4.21999979,3.849999905,0,0,92,252,724,1638,1638,1,235,372,,,,,,,,1638.766698,12058,436,23321,235,136,1
3977333714,4/24/2016,14112,10,10,0,3.269999981,4.559999943,2.170000076,0,30,95,129,660,1655,1655,1,310,526,,,,,,,,1655.350419,14112,409,23557,310,214,2
3977333714,4/25/2016,11177,8.479999542,8.479999542,0,5.619999886,0.4300000072,2.410000086,0,50,9,133,781,1570,1570,1,262,467,,,,,,,,1568.145346,11168,301,22316,262,201,4
3977333714,4/26/2016,11388,7.619999886,7.619999886,0,0.4499999881,4.21999979,2.950000048,0,7,95,170,797,1551,1551,1,250,371,,,,,,,,1551.912978,11388,381,22085,250,119,2
3977333714,4/27/2016,7193,5.039999962,5.039999962,0,0,0.4199999869,4.619999886,0,0,10,176,714,1377,1377,1,349,540,,,,,,,,1377.292029,7193,196,19600,349,186,5
3977333714,4/28/2016,7114,4.880000114,4.880000114,0,1.370000005,0.2899999917,3.220000029,0,15,8,190,804,1407,1407,1,261,423,,,,,,,,1407.718938,7114,251,20033,261,155,7
3977333714,4/29/2016,10645,7.75,7.75,0,3.74000001,1.299999952,2.710000038,0,36,32,150,744,1545,1545,1,333,478,,,,,,,,1545.237327,10645,322,21990,333,145,0
3977333714,4/30/2016,13238,9.199999809,9.199999809,0,3.690000057,2.099999905,3.410000086,0,43,52,194,687,1650,1650,1,237,382,,,,,,,,1650.220704,13238,427,23484,284,176,4
3977333714,5/1/2016,10414,7.070000172,7.070000172,0,2.670000076,1.980000019,2.410000086,0,41,40,124,691,1501,1501,,,,,,,,,,,1501.529389,10414,327,21368,336,202,6
3977333714,5/2/2016,16520,11.05000019,11.05000019,0,1.539999962,6.480000019,3.019999981,0,24,143,176,713,1760,1760,,,,,,,,,,,1760.895963,16520,534,25059,230,146,8
3977333714,5/3/2016,14335,9.590000153,9.590000153,0,3.319999933,1.74000001,4.53000021,0,47,41,258,594,1710,1710,,,,,,,,,,,1709.598854,14335,481,24329,292,200,8
3977333714,5/4/2016,13559,9.43999958,9.43999958,0,1.809999943,4.579999924,2.890000105,0,14,96,142,852,1628,1628,,,,,,,,,,,1619.793799,13373,376,23051,213,120,3
3977333714,5/5/2016,12312,8.579999924,8.579999924,0,1.75999999,4.110000134,2.710000038,0,14,88,178,680,1618,1618,,,,,,,,,,,1618.107321,12312,396,23027,318,160,2
3977333714,5/6/2016,11677,8.279999733,8.279999733,0,3.109999895,2.50999999,2.670000076,0,29,55,168,676,1590,1590,,,,,,,,,,,1589.36689,11677,365,22618,323,183,6
3977333714,5/7/2016,11550,7.730000019,7.730000019,0,0,4.130000114,3.589999914,0,0,86,208,703,1574,1574,,,,,,,,,,,1574.820996,11550,380,22411,237,205,1
3977333714,5/8/2016,13585,9.090000153,9.090000153,0,0.6800000072,5.239999771,3.170000076,0,9,116,171,688,1633,1633,,,,,,,,,,,1633.847795,13585,430,23251,259,197,0
3977333714,5/9/2016,14687,10.07999992,10.07999992,0,0.7699999809,5.599999905,3.549999952,0,8,122,151,1159,1667,1667,,,,,,,,,,,1658.231487,14513,419,23598,,,
3977333714,5/10/2016,13072,8.779999733,8.779999733,0,0.0700000003,5.400000095,3.309999943,0,1,115,196,676,1630,1630,,,,,,,,,,,1630.193758,13072,429,23199,312,135,5
3977333714,5/11/2016,746,0.5,0.5,0,0.3700000048,0,0.1299999952,0,4,0,9,13,52,52,,,,,,,,,,,,,,,,,
4020332650,4/12/2016,8539,6.119999886,6.119999886,0,0.150000006,0.2399999946,5.679999828,0,4,15,331,712,3654,3654,,,,,,,,83.49901363,49,133,3647.698348,8489,373,26521,356,21,1
4020332650,4/13/2016,0,0,0,0,0,0,0,0,0,0,0,1440,1981,1981,,,,,,,,,,,1980.575924,0,0,14400,,,
4020332650,4/14/2016,108,0.07999999821,0.07999999821,0,0,0,0.02999999933,0,0,0,3,1437,2011,2011,,,,,,,,,,,1996.393025,38,3,14515,,,
4020332650,4/15/2016,1882,1.350000024,1.350000024,0,0.2099999934,0.3600000143,0.7699999809,0,36,18,87,1299,2951,2951,,,,,,,,,,,2948.857539,1873,231,21440,,,
4020332650,4/16/2016,1982,1.419999957,1.419999957,0,0.4499999881,0.3700000048,0.5899999738,0,65,21,55,1222,3051,3051,1,77,77,,,,,,,,3051.462378,1969,292,22186,77,0,0
4020332650,4/17/2016,16,0.009999999776,0.009999999776,0,0,0,0.009999999776,0,0,0,2,1438,1990,1990,,,,,,,,,,,1988.415704,7,2,14457,,,
4020332650,4/18/2016,62,0.03999999911,0.03999999911,0,0,0,0.03999999911,0,0,0,2,1438,1995,1995,,,,,,,,,,,1995.017624,62,2,14505,,,
4020332650,4/19/2016,0,0,0,0,0,0,0,0,0,0,0,1440,1980,1980,,,,,,,,,,,1980.575924,0,0,14400,,,
4020332650,4/20/2016,0,0,0,0,0,0,0,0,0,0,0,1440,1980,1980,,,,,,,,,,,1980.575924,0,0,14400,,,
4020332650,4/21/2016,0,0,0,0,0,0,0,0,0,0,0,1440,1980,1980,,,,,,,,,,,1980.575924,0,0,14400,,,
4020332650,4/22/2016,0,0,0,0,0,0,0,0,0,0,0,1440,1980,1980,,,,,,,,,,,1980.575924,0,0,14400,,,
4020332650,4/23/2016,0,0,0,0,0,0,0,0,0,0,0,1440,1980,1980,,,,,,,,,,,1980.575924,0,0,14400,,,
4020332650,4/24/2016,0,0,0,0,0,0,0,0,0,0,0,1440,1980,1980,,,,,,,,,,,1980.575924,0,0,14400,,,
4020332650,4/25/2016,0,0,0,0,0,0,0,0,0,0,0,1440,1980,1980,,,,,,,,,,,1980.575924,0,0,14400,,,
4020332650,4/26/2016,0,0,0,0,0,0,0,0,0,0,0,1440,1980,1980,,,,,,,,,,,1980.575924,0,0,14400,,,
4020332650,4/27/2016,0,0,0,0,0,0,0,0,0,0,0,1440,1980,1980,,,,,,,,,,,1980.575924,0,0,14400,,,
4020332650,4/28/2016,0,0,0,0,0,0,0,0,0,0,0,1440,1980,1980,,,,,,,,,,,1980.575924,0,0,14400,,,
4020332650,4/29/2016,0,0,0,0,0,0,0,0,0,0,0,1440,1980,1980,,,,,,,,,,,1980.575924,0,0,14400,,,
4020332650,4/30/2016,0,0,0,0,0,0,0,0,0,0,0,1440,1980,1980,,,,,,,,,,,1980.575924,0,0,14400,,,
4020332650,5/1/2016,0,0,0,0,0,0,0,0,0,0,0,1440,1980,1980,,,,,,,,,,,1980.575924,0,0,14400,,,
4020332650,5/2/2016,475,0.3400000036,0.3400000036,0,0,0.03999999911,0.2899999917,0,0,11,31,1350,2207,2207,,,,,,,,90.30093424,66,123,2207.792017,465,53,16052,42,1,5
4020332650,5/3/2016,4496,3.220000029,3.220000029,0,0,0,3.150000095,0.05000000075,0,0,174,950,2828,2828,,,,,,,,77.87700956,52,127,2825.071594,4465,174,20540,311,4,1
4020332650,5/4/2016,10252,7.349999905,7.349999905,0,0.6700000167,1.039999962,5.579999924,0,13,46,346,531,3879,3879,,,,,,,,83.45616618,49,147,3872.30116,10194,477,28154,447,27,30
4020332650,5/5/2016,11728,8.430000305,8.430000305,0,2.619999886,1.679999948,4.039999962,0.0700000003,38,42,196,916,3429,3429,,,,,,,,85.57474311,49,126,3426.809074,11713,394,24915,226,18,4
4020332650,5/6/2016,4369,3.130000114,3.130000114,0,0,0,3.099999905,0.009999999776,0,0,177,855,2704,2704,,,,,,,,75.64283228,50,116,2701.973269,4357,177,19645,385,17,6
4020332650,5/7/2016,6132,4.400000095,4.400000095,0,0,0,3.579999924,0,0,0,184,1256,2975,2975,,,,,,,,89.0917041,64,117,2843.089313,5005,184,20671,,,
4020332650,5/8/2016,5862,4.199999809,4.199999809,0,0,0,4.150000095,0,0,0,263,775,3089,3089,,,,,,,,78.04106124,51,131,3083.096632,5812,263,22416,364,20,18
4020332650,5/9/2016,4556,3.269999981,3.269999981,0,0.200000003,0.1199999973,2.940000057,0,3,5,173,1225,2785,2785,,,,,,,,86.66172596,55,155,2784.909886,4556,192,20248,29,1,4
4020332650,5/10/2016,5546,3.980000019,3.980000019,0,0,0,3.869999886,0.03999999911,0,0,206,774,2926,2926,,,,,,,,72.61970379,46,142,2915.435349,5474,206,21197,413,33,14
4020332650,5/11/2016,3689,2.650000095,2.650000095,0,0.1099999994,0.1700000018,2.329999924,0,2,8,134,1296,2645,2645,,,,,,,,91.23313239,64,133,2639.80517,3663,156,19193,,,
4020332650,5/12/2016,590,0.4199999869,0.4199999869,0,0,0,0.4099999964,0,0,0,21,721,1120,1120,,,,,,,,94.2696737,70,125,1030.312102,257,11,7491,,,
4057192912,4/12/2016,5394,4.03000021,4.03000021,0,0,0,3.940000057,0,0,0,164,1276,2286,2286,,,,,,,,,,,2274.018266,5394,164,18434,,,
4057192912,4/13/2016,5974,4.46999979,4.46999979,0,0,0,4.369999886,0,0,0,160,1280,2306,2306,,,,,,,,,,,2290.301786,5974,160,18566,,,
4057192912,4/14/2016,0,0,0,0,0,0,0,0,0,0,0,1440,1776,1776,,,,,,,,,,,1776.384029,0,0,14400,,,
4057192912,4/15/2016,3984,2.950000048,2.950000048,0,0.2099999934,0.2599999905,2.440000057,0,3,6,88,873,1527,1527,,,,,,,,,,,1509.926418,3937,107,12240,,,
4319703577,4/12/2016,7753,5.199999809,5.199999809,0,0,0,0,0,0,0,0,1440,2115,2115,,,,,,,,,,,1455.984078,0,0,14400,,,
4319703577,4/13/2016,8204,5.5,5.5,0,0.5299999714,0.5899999738,1.309999943,0,8,15,96,1234,2135,2135,,,,,,,,,,,1748.928943,3619,150,17299,79,7,1
4319703577,4/14/2016,10210,6.880000114,6.880000114,0,0.1099999994,0.3300000131,6.440000057,0,1,9,339,589,2302,2302,1,535,557,,,,,,,,2298.760922,10210,360,22733,486,15,1
4319703577,4/15/2016,5664,3.799999952,3.799999952,0,0,0,3.799999952,0,0,0,228,752,1985,1985,1,465,491,,,,,,,,1981.351619,5664,228,19596,435,23,1
4319703577,4/16/2016,4744,3.180000067,3.180000067,0,0,0,3.180000067,0,0,0,194,724,1884,1884,1,506,522,,,,,,,,1881.167738,4744,194,18607,506,15,1
4319703577,4/17/2016,29,0.01999999955,0.01999999955,0,0,0,0.01999999955,0,0,0,3,1363,1464,1464,,,,,,,,,,,1461.76143,29,3,14460,56,10,8
4319703577,4/18/2016,2276,1.549999952,1.549999952,0,0.0700000003,0.3300000131,1.120000005,0,1,9,58,824,1632,1632,1,515,551,,,,,,,,1632.805704,2229,79,16152,513,28,7
4319703577,4/19/2016,8925,5.989999771,5.989999771,0,0,0,5.989999771,0,0,0,311,604,2200,2200,2,461,498,,,,,,,,2200.223861,8925,311,21765,493,20,12
4319703577,4/20/2016,8954,6.010000229,6.010000229,0,0,0.6800000072,5.309999943,0,0,18,306,671,2220,2220,1,523,543,,,,,,,,2214.27537,8915,342,21904,437,8,0
4319703577,4/21/2016,3702,2.480000019,2.480000019,0,0,0,0.349999994,0,0,0,34,1265,1792,1792,1,59,65,,,,,,,,1525.650306,517,34,15092,129,9,3
4319703577,4/22/2016,4500,3.019999981,3.019999981,0,0.05999999866,0.8100000024,2.150000095,0,1,19,176,709,1886,1886,1,533,550,,,,,,,,1886.945956,4500,217,18666,516,18,1
4319703577,4/23/2016,4935,3.309999943,3.309999943,0,0,0,3.309999943,0,0,0,233,546,1945,1945,1,692,722,,,,,,,,1945.477064,4935,233,19245,639,19,3
4319703577,4/24/2016,4081,2.74000001,2.74000001,0,0.05999999866,0.200000003,2.470000029,0,1,5,191,692,1880,1880,1,467,501,,,,,,,,1880.981642,4081,204,18607,516,30,5
4319703577,4/25/2016,9259,6.210000038,6.210000038,0,0,0.2800000012,5.929999828,0,0,8,390,544,2314,2314,1,488,506,,,,,,,,2314.253384,9259,406,22893,478,18,2
4319703577,4/26/2016,9899,6.639999866,6.639999866,0,0.5699999928,0.9200000167,5.150000095,0,8,21,288,649,2236,2236,1,505,516,,,,,,,,2236.312994,9899,354,22122,466,8,0
4319703577,4/27/2016,10780,7.230000019,7.230000019,0,0.4099999964,1.919999957,4.909999847,0,6,47,300,680,2324,2324,1,286,307,,,,,,,,2324.463472,10780,412,22994,382,24,1
4319703577,4/28/2016,10817,7.28000021,7.28000021,0,1.00999999,0.3300000131,5.940000057,0,13,8,359,552,2367,2367,1,497,522,,,,,,,,2367.527809,10810,414,23420,483,18,7
4319703577,4/29/2016,7990,5.360000134,5.360000134,0,0.4499999881,0.7900000215,4.119999886,0,6,18,289,624,2175,2175,1,523,546,,,,,,,,2175.962262,7990,343,21525,477,18,7
4319703577,4/30/2016,8221,5.519999981,5.519999981,0,0.400000006,1.610000014,3.50999999,0,6,38,196,695,2092,2092,1,490,516,,,,,,,,2092.36083,8221,290,20698,477,24,4
4319703577,5/1/2016,1251,0.8399999738,0.8399999738,0,0,0,0.8399999738,0,0,0,67,836,1593,1593,,,,,,,,,,,1593.886055,1251,67,15767,526,10,1
4319703577,5/2/2016,9261,6.239999771,6.239999771,0,0,0.4399999976,5.710000038,0,0,11,344,585,2270,2270,,,,,,,,,,,2264.61819,9121,366,22402,467,31,2
4319703577,5/3/2016,9648,6.46999979,6.46999979,0,0.5799999833,1.070000052,4.829999924,0,8,26,287,669,2235,2235,,,,,,,,,,,2235.605362,9648,363,22115,420,29,1
4319703577,5/4/2016,10429,7.019999981,7.019999981,0,0.5899999738,0.5799999833,5.849999905,0,8,13,313,1106,2282,2282,,,,,,,,,,,2282.814392,10429,363,22582,,,
4319703577,5/5/2016,13658,9.489999771,9.489999771,0,2.630000114,1.409999967,5.449999809,0,27,34,328,957,2530,2530,,,,,,,,,,,2530.080529,13658,477,25028,81,9,4
4319703577,5/6/2016,9524,6.420000076,6.420000076,0,0.4099999964,0.4699999988,5.460000038,0,6,11,314,692,2266,2266,,,,,,,,,,,2264.314916,9426,354,22399,385,27,5
4319703577,5/7/2016,7937,5.329999924,5.329999924,0,0.1899999976,1.049999952,4.079999924,0,3,28,279,586,2158,2158,,,,,,,,,,,2158.435629,7937,344,21377,515,27,2
4319703577,5/8/2016,3672,2.460000038,2.460000038,0,0,0,2.460000038,0,0,0,153,603,1792,1792,,,,,,,,,,,1791.510635,3672,153,17743,652,30,1
4319703577,5/9/2016,10378,6.960000038,6.960000038,0,0.1400000006,0.5600000024,6.25,0,2,14,374,490,2345,2345,,,,,,,,,,,2345.432067,10362,408,23229,526,29,4
4319703577,5/10/2016,9487,6.369999886,6.369999886,0,0.2099999934,0.4600000083,5.699999809,0,3,12,329,555,2260,2260,,,,,,,,,,,2260.718236,9487,362,22390,513,28,0
4319703577,5/11/2016,9129,6.130000114,6.130000114,0,0.200000003,0.7400000095,5.179999828,0,3,18,311,574,2232,2232,,,,,,,,,,,2232.042756,9129,356,22106,510,24,0
4319703577,5/12/2016,17,0.009999999776,0.009999999776,0,0,0,0.009999999776,0,0,0,2,0,257,257,,,,,,,,,,,246.8716365,17,2,2445,230,17,1
4388161847,4/12/2016,10122,7.78000021,7.78000021,0,0,0,0,0,0,0,0,1440,2955,2955,,,,,,,,,,,1878.191929,0,0,14400,,,
4388161847,4/13/2016,10993,8.449999809,8.449999809,0,0.05999999866,0.6299999952,3.880000114,0,1,14,150,1275,3092,3092,,,,,,,,,,,2510.255722,5938,181,19246,,,
4388161847,4/14/2016,8863,6.820000172,6.820000172,0,0.1299999952,1.070000052,5.619999886,0,10,35,219,945,2998,2998,,,,,,,,,,,2998.063962,8863,319,22986,208,14,9
4388161847,4/15/2016,8758,6.730000019,6.730000019,0,0,0,6.730000019,0,0,0,299,837,3066,3066,1,499,526,,,,,,,,3066.800581,8758,299,23513,298,4,2
4388161847,4/16/2016,6580,5.059999943,5.059999943,0,0.2099999934,0.400000006,4.449999809,0,6,9,253,609,3073,3073,2,426,448,,,,,,,,3073.452517,6580,289,23564,540,20,3
4388161847,4/17/2016,4660,3.579999924,3.579999924,0,0,0,3.579999924,0,0,0,201,721,2572,2572,2,619,641,,,,,,,,2572.601298,4660,201,19724,498,18,1
4388161847,4/18/2016,11009,9.100000381,9.100000381,0,3.559999943,0.400000006,5.139999866,0,27,8,239,1017,3274,3274,1,99,104,,,,,,,,3274.053841,11009,336,25102,138,7,4
4388161847,4/19/2016,10181,7.829999924,7.829999924,0,1.370000005,0.6899999976,5.769999981,0,20,16,249,704,3015,3015,1,329,338,,,,,,,,3015.019863,10181,341,23116,433,14,4
4388161847,4/20/2016,10553,8.119999886,8.119999886,0,1.100000024,1.720000029,5.289999962,0,19,42,228,696,3083,3083,1,421,451,,,,,,,,3083.104331,10553,369,23638,430,25,0
4388161847,4/21/2016,10055,7.730000019,7.730000019,0,0.3700000048,0.3899999857,6.980000019,0,7,12,272,853,3069,3069,1,442,458,,,,,,,,3069.539599,10055,317,23534,290,6,0
4388161847,4/22/2016,12139,9.340000153,9.340000153,0,3.299999952,1.110000014,4.920000076,0,77,25,220,945,3544,3544,1,82,85,,,,,,,,3543.913519,12139,501,27171,164,6,3
4388161847,4/23/2016,13236,10.18000031,10.18000031,0,4.5,0.3199999928,5.349999905,0,58,5,215,749,3306,3306,1,478,501,,,,,,,,3306.922198,13236,399,25354,396,16,1
4388161847,4/24/2016,10243,7.880000114,7.880000114,0,1.080000043,0.5099999905,6.300000191,0,14,8,239,584,2885,2885,3,552,595,,,,,,,,2885.111566,10243,297,22120,552,36,7
4388161847,4/25/2016,12961,9.970000267,9.970000267,0,0.7300000191,1.399999976,7.840000153,0,11,31,301,1054,3288,3288,,,,,,,,,,,3288.922866,12961,396,25216,33,10,0
4388161847,4/26/2016,9461,7.28000021,7.28000021,0,0.9399999976,1.059999943,5.269999981,0,14,23,224,673,2929,2929,1,319,346,,,,,,,,2929.196924,9461,312,22458,464,42,0
4388161847,4/27/2016,11193,8.609999657,8.609999657,0,0.6999999881,2.50999999,5.389999866,0,11,48,241,684,3074,3074,1,439,500,,,,,,,,3074.626377,11193,370,23573,423,26,6
4388161847,4/28/2016,10074,7.75,7.75,0,1.289999962,0.4300000072,6.03000021,0,19,9,234,878,2969,2969,1,428,458,,,,,,,,2969.108497,10074,309,22764,288,12,0
4388161847,4/29/2016,9232,7.099999905,7.099999905,0,0.8000000119,0.8899999857,5.420000076,0,13,16,236,1175,2979,2979,,,,,,,,,,,2979.151625,9232,307,22841,,,
4388161847,4/30/2016,12533,9.640000343,9.640000343,0,0.6999999881,2,6.940000057,0,14,43,300,537,3283,3283,2,409,430,,,,,,,,3283.183925,12533,428,25172,507,39,0
4388161847,5/1/2016,10255,7.889999866,7.889999866,0,1.00999999,0.6800000072,6.199999809,0,12,15,241,579,2926,2926,,,,,,,,60.02217947,39,105,2926.849165,10255,307,22440,556,24,13
4388161847,5/2/2016,10096,8.399999619,8.399999619,0,3.769999981,0.07999999821,4.550000191,0,33,4,204,935,3147,3147,,,,,,,,66.39496105,43,180,3147.275883,10096,311,24130,262,2,0
4388161847,5/3/2016,12727,9.789999962,9.789999962,0,1.129999995,0.7799999714,7.880000114,0,18,18,306,984,3290,3290,,,,,,,,66.62235142,44,135,3290.096726,12727,396,25225,111,3,0
4388161847,5/4/2016,12375,9.520000458,9.520000458,0,2.789999962,0.9300000072,5.800000191,0,35,21,251,632,3162,3162,,,,,,,,61.94766681,42,126,3162.144898,12375,398,24244,467,27,7
4388161847,5/5/2016,9603,7.380000114,7.380000114,0,0.6299999952,1.669999957,5.090000153,0,12,39,199,896,2899,2899,,,,,,,,61.04129794,42,123,2899.589311,9603,313,22231,283,9,2
4388161847,5/6/2016,13175,10.13000011,10.13000011,0,2.109999895,2.089999914,5.929999828,0,33,45,262,1100,3425,3425,,,,,,,,69.07669761,47,151,3425.091796,13175,451,26260,,,
4388161847,5/7/2016,22770,17.54000092,17.54000092,0,9.449999809,2.769999981,5.329999924,0,120,56,260,508,4022,4022,,,,,,,,66.62712041,41,153,4022.461169,22770,732,30840,472,24,0
4388161847,5/8/2016,17298,14.38000011,14.38000011,0,9.890000343,1.25999999,3.230000019,0,107,38,178,576,3934,3934,,,,,,,,76.78011038,43,171,3934.812217,17298,575,30168,529,10,2
4388161847,5/9/2016,10218,7.860000134,7.860000134,0,0.3400000036,0.7300000191,6.789999962,0,6,19,258,1020,3013,3013,,,,,,,,64.05171717,44,140,3013.454699,10218,314,23104,127,8,2
4388161847,5/10/2016,10299,7.920000076,7.920000076,0,0.8100000024,0.6499999762,6.460000038,0,13,14,267,648,3061,3061,,,,,,,,61.22121702,41,121,3061.061652,10299,334,23469,477,18,3
4388161847,5/11/2016,10201,7.840000153,7.840000153,0,0.5299999714,0.7900000215,6.53000021,0,8,18,256,858,2954,2954,,,,,,,,59.97196611,40,125,2954.369904,10201,316,22651,292,7,0
4388161847,5/12/2016,3369,2.589999914,2.589999914,0,0,0,2.589999914,0,0,0,108,825,1623,1623,,,,,,,,60.24690977,44,136,1553.812571,3079,101,11913,,,
4445114986,4/12/2016,3276,2.200000048,2.200000048,0,0,0,2.200000048,0,0,0,196,787,2113,2113,,,,,,,,,,,2113.97649,3276,196,18392,429,22,6
4445114986,4/13/2016,2961,1.99000001,1.99000001,0,0,0,1.99000001,0,0,0,194,840,2095,2095,2,370,406,,,,,,,,2095.356209,2961,194,18230,370,29,7
4445114986,4/14/2016,3974,2.670000076,2.670000076,0,0,0,2.670000076,0,0,0,231,717,2194,2194,1,441,492,,,,,,,,2194.319551,3974,231,19091,441,48,3
4445114986,4/15/2016,7198,4.829999924,4.829999924,0,0,0,4.829999924,0,0,0,350,711,2496,2496,2,337,379,,,,,,,,2496.381867,7198,350,21719,337,31,11
4445114986,4/16/2016,3945,2.650000095,2.650000095,0,0,0,2.650000095,0,0,0,225,716,2180,2180,1,462,499,,,,,,,,2180.75663,3945,225,18973,462,29,8
4445114986,4/17/2016,2268,1.519999981,1.519999981,0,0,0,1.519999981,0,0,0,114,1219,1933,1933,1,98,107,,,,,,,,1931.911521,2258,114,16808,98,6,3
4445114986,4/18/2016,6155,4.239999771,4.239999771,0,2,0.2899999917,1.950000048,0,25,6,162,1247,2248,2248,,,,,,,,,,,2248.341345,6155,249,19561,,,
4445114986,4/19/2016,2064,1.389999986,1.389999986,0,0,0,1.389999986,0,0,0,121,895,1954,1954,2,388,424,,,,,,,,1954.324829,2064,121,17003,388,29,7
4445114986,4/20/2016,2072,1.389999986,1.389999986,0,0,0,1.389999986,0,0,0,137,841,1974,1974,1,439,462,,,,,,,,1974.439328,2072,137,17178,439,20,3
4445114986,4/21/2016,3809,2.559999943,2.559999943,0,0,0,2.539999962,0,0,0,215,756,2150,2150,1,436,469,,,,,,,,2146.964263,3789,215,18679,436,28,5
4445114986,4/22/2016,6831,4.579999924,4.579999924,0,0,0,4.579999924,0,0,0,317,706,2432,2432,1,388,417,,,,,,,,2432.015468,6831,317,21159,388,21,8
4445114986,4/23/2016,4363,2.930000067,2.930000067,0,0,0,2.930000067,0,0,0,201,1239,2149,2149,,,,,,,,,,,2149.093817,4363,201,18753,,,
4445114986,4/24/2016,5002,3.359999895,3.359999895,0,0,0,3.359999895,0,0,0,244,1196,2247,2247,,,,,,,,,,,2247.07681,5002,244,19608,,,
4445114986,4/25/2016,3385,2.269999981,2.269999981,0,0,0,2.269999981,0,0,0,179,916,2070,2070,1,328,345,,,,,,,,2070.93662,3385,179,18071,329,9,7
4445114986,4/26/2016,6326,4.409999847,4.409999847,0,2.410000086,0.03999999911,1.960000038,0,29,1,180,839,2291,2291,2,353,391,,,,,,,,2291.427015,6326,269,19995,353,32,6
4445114986,4/27/2016,7243,5.03000021,5.03000021,0,2.619999886,0.02999999933,2.380000114,0,32,1,194,839,2361,2361,1,332,374,,,,,,,,2361.906011,7243,292,20610,332,37,5
4445114986,4/28/2016,4493,3.00999999,3.00999999,0,0,0,3.00999999,0,0,0,236,762,2203,2203,1,419,442,,,,,,,,2203.872616,4493,236,19231,419,17,6
4445114986,4/29/2016,4676,3.140000105,3.140000105,0,0,0,3.130000114,0,0,0,226,1106,2196,2196,1,106,108,,,,,,,,2194.246219,4658,226,19147,106,2,0
4445114986,4/30/2016,6222,4.179999828,4.179999828,0,0,0,4.179999828,0,0,0,290,797,2363,2363,1,322,353,,,,,,,,2363.739609,6222,290,20626,322,25,6
4445114986,5/1/2016,5232,3.50999999,3.50999999,0,0,0,3.50999999,0,0,0,240,741,2246,2246,,,,,,,,,,,2246.618411,5232,240,19604,439,15,5
4445114986,5/2/2016,6910,4.75,4.75,0,2.210000038,0.1899999976,2.349999905,0,27,4,200,667,2336,2336,,,,,,,,,,,2336.121017,6910,289,20385,503,34,5
4445114986,5/3/2016,7502,5.179999828,5.179999828,0,2.480000019,0.1099999994,2.579999924,0,30,2,233,725,2421,2421,,,,,,,,,,,2421.039614,7502,327,21126,417,31,2
4445114986,5/4/2016,2923,1.960000038,1.960000038,0,0,0,1.960000038,0,0,0,180,897,2070,2070,,,,,,,,,,,2070.707415,2923,180,18069,337,18,8
4445114986,5/5/2016,3800,2.549999952,2.549999952,0,0.1199999973,0.2399999946,2.180000067,0,2,6,185,734,2120,2120,,,,,,,,,,,2120.902217,3800,203,18507,462,42,9
4445114986,5/6/2016,4514,3.029999971,3.029999971,0,0,0,3.029999971,0,0,0,229,809,2211,2211,,,,,,,,,,,2211.32161,4514,229,19296,374,23,5
4445114986,5/7/2016,5183,3.589999914,3.589999914,0,2.130000114,0.1899999976,1.25,0,26,4,108,866,2123,2123,,,,,,,,,,,2123.881825,5167,194,18533,401,24,11
4445114986,5/8/2016,7303,4.900000095,4.900000095,0,0,0.25,4.650000095,0,0,8,308,733,2423,2423,,,,,,,,,,,2423.446216,7303,324,21147,361,26,4
4445114986,5/9/2016,5275,3.539999962,3.539999962,0,0,0,3.539999962,0,0,0,266,641,2281,2281,,,,,,,,,,,2281.571415,5275,266,19909,457,60,16
4445114986,5/10/2016,3915,2.630000114,2.630000114,0,0,0,2.630000114,0,0,0,231,783,2181,2181,,,,,,,,,,,2181.640215,3915,231,19037,405,14,7
4445114986,5/11/2016,9105,6.110000134,6.110000134,0,2.25,1,2.859999895,0,34,22,232,622,2499,2499,,,,,,,,,,,2499.769817,9105,378,21813,501,25,4
4445114986,5/12/2016,768,0.5199999809,0.5199999809,0,0,0,0.5199999809,0,0,0,58,380,1212,1212,,,,,,,,,,,975.5898148,484,35,8513,483,13,5
4558609924,4/12/2016,5135,3.390000105,3.390000105,0,0,0,3.390000105,0,0,0,318,1122,1909,1909,,,,,,,,76.6393772,57,104,1909.658564,5135,318,20576,,,
4558609924,4/13/2016,4978,3.289999962,3.289999962,0,1.24000001,0.4399999976,1.610000014,0,19,7,127,1287,1722,1722,,,,,,,,,,,1722.553592,4978,198,18560,,,
4558609924,4/14/2016,6799,4.489999771,4.489999771,0,0,0,4.489999771,0,0,0,279,1161,1922,1922,,,,,,,,,,,1922.930389,6799,279,20719,,,
4558609924,4/15/2016,7795,5.150000095,5.150000095,0,0.5899999738,0.8399999738,3.730000019,0,17,30,262,1131,2121,2121,,,,,,,,,,,2121.915032,7795,373,22863,,,
4558609924,4/16/2016,7289,4.820000172,4.820000172,0,0.5500000119,0.75,3.5,0,8,12,308,1112,1997,1997,,,,,,,,,,,1990.867312,7265,356,21451,,,
4558609924,4/17/2016,9634,6.400000095,6.400000095,0,0.5500000119,1.139999986,4.710000038,0,7,19,304,1110,2117,2117,,,,,,,,,,,2117.619468,9634,363,22775,,,
4558609924,4/18/2016,8940,5.909999847,5.909999847,0,0.9800000191,0.9300000072,4,0,14,15,331,1080,2116,2116,,,,,,,,,,,2116.308014,8940,403,22756,,,
4558609924,4/19/2016,5401,3.569999933,3.569999933,0,0.05000000075,0.3600000143,3.160000086,0,1,9,248,1182,1876,1876,,,,,,,,,,,1875.810013,5401,269,20170,,,
4558609924,4/20/2016,4803,3.170000076,3.170000076,0,0,0,3.170000076,0,0,0,222,1218,1788,1788,,,,,,,,,,,1788.762015,4803,222,19234,,,
4558609924,4/21/2016,13743,9.079999924,9.079999924,0,0.4199999869,0.9700000286,7.699999809,0,6,21,432,844,2486,2486,1,126,137,,,,,,,,2486.634011,13743,492,26738,126,6,5
4558609924,4/22/2016,9601,6.349999905,6.349999905,0,1.370000005,1.5,3.470000029,0,20,25,273,1122,2094,2094,,,,,,,,,,,2094.732012,9601,383,22524,,,
4558609924,4/23/2016,6890,4.550000191,4.550000191,0,0.3400000036,0.200000003,4.010000229,0,5,5,308,1122,2085,2085,,,,,,,,,,,2078.736011,6890,333,22352,,,
4558609924,4/24/2016,8563,5.659999847,5.659999847,0,0,0,5.650000095,0,0,0,395,1045,2173,2173,,,,,,,,,,,2169.316728,8553,395,23246,,,
4558609924,4/25/2016,8095,5.349999905,5.349999905,0,0.5899999738,0.25,4.510000229,0,18,10,340,993,2225,2225,,,,,,,,,,,2225.847457,8095,414,23839,68,10,1
4558609924,4/26/2016,9148,6.050000191,6.050000191,0,0.4300000072,2.029999971,3.589999914,0,12,41,283,1062,2223,2223,1,103,121,,,,,,,,2222.019285,9148,401,23798,35,5,2
4558609924,4/27/2016,9557,6.320000172,6.320000172,0,1.960000038,0.8899999857,3.460000038,0,27,14,312,1087,2098,2098,,,,,,,,,,,2098.490779,9557,421,22475,,,
4558609924,4/28/2016,9451,6.25,6.25,0,0.01999999955,0.2700000107,5.949999809,0,1,11,367,985,2185,2185,,,,,,,,,,,2185.044769,9451,392,23402,69,6,1
4558609924,4/29/2016,7833,5.179999828,5.179999828,0,1.019999981,1.850000024,2.309999943,0,15,29,197,1096,1918,1918,1,171,179,,,,,,,,1922.581708,7833,300,20591,102,1,0
4558609924,4/30/2016,10319,6.820000172,6.820000172,0,0.4699999988,1.889999986,4.460000038,0,7,29,293,1111,2105,2105,,,,,,,,,,,2104.298055,10310,372,22588,,,
4558609924,5/1/2016,3428,2.269999981,2.269999981,0,0,0,2.269999981,0,0,0,190,1121,1692,1692,,,,,,,,70.84190403,53,127,1691.431701,3428,190,18164,115,10,4
4558609924,5/2/2016,7891,5.21999979,5.21999979,0,0,0,5.21999979,0,0,0,383,1057,2066,2066,,,,,,,,78.66975262,55,108,2066.444798,7891,383,22311,,,
4558609924,5/3/2016,5267,3.480000019,3.480000019,0,0.6000000238,0.2800000012,2.599999905,0,21,10,237,1172,1953,1953,,,,,,,,82.52032631,52,148,1953.355774,5267,320,21090,,,
4558609924,5/4/2016,5232,3.460000038,3.460000038,0,0,0,3.460000038,0,0,0,252,1188,1842,1842,,,,,,,,76.83137045,54,127,1842.767494,5232,252,19896,,,
4558609924,5/5/2016,10611,7.010000229,7.010000229,0,1.00999999,0.5,5.510000229,0,14,8,370,1048,2262,2262,,,,,,,,81.93927186,48,130,2261.595137,10611,428,24418,,,
4558609924,5/6/2016,3755,2.480000019,2.480000019,0,0,0,2.480000019,0,0,0,202,1238,1722,1722,,,,,,,,71.94897771,51,110,1722.731974,3755,202,18600,,,
4558609924,5/7/2016,8237,5.440000057,5.440000057,0,1.610000014,1,2.829999924,0,23,16,233,1116,1973,1973,,,,,,,,76.24857301,54,116,1973.361693,8237,334,21306,46,6,0
4558609924,5/8/2016,6543,4.329999924,4.329999924,0,1.799999952,0.5,2.019999981,0,66,35,238,1019,2666,2666,,,,,,,,104.871472,45,199,2666.838709,6543,506,28812,77,5,0
4558609924,5/9/2016,11451,7.570000172,7.570000172,0,0.4300000072,1.620000005,5.519999981,0,6,30,339,1065,2223,2223,,,,,,,,79.37543279,54,110,2223.698827,11451,417,24027,,,
4558609924,5/10/2016,6435,4.25,4.25,0,0.7400000095,1.120000005,2.390000105,0,11,18,220,1191,1889,1889,,,,,,,,75.78962354,50,147,1888.575269,6435,289,20406,,,
4558609924,5/11/2016,9108,6.019999981,6.019999981,0,0.2599999905,1.820000052,3.940000057,0,4,31,324,1081,2131,2131,,,,,,,,74.92423537,44,138,2130.778618,9108,398,23023,,,
4558609924,5/12/2016,6307,4.170000076,4.170000076,0,0,0,4.170000076,0,0,0,247,736,1452,1452,,,,,,,,79.67777199,54,117,1402.687784,6020,232,15156,,,
4702921684,4/12/2016,7213,5.880000114,5.880000114,0,0,0,5.849999905,0,0,0,263,718,2947,2947,,,,,,,,,,,2947.283239,7213,263,21040,442,16,0
4702921684,4/13/2016,6877,5.579999924,5.579999924,0,0,0,5.579999924,0,0,0,258,777,2898,2898,2,400,430,,,,,,,,2896.854437,6877,258,20680,376,26,3
4702921684,4/14/2016,7860,6.369999886,6.369999886,0,0,0,6.369999886,0,0,0,271,772,2984,2984,1,384,415,,,,,,,,2984.824679,7860,271,21308,365,31,0
4702921684,4/15/2016,6506,5.28000021,5.28000021,0,0.0700000003,0.4199999869,4.789999962,0,1,8,256,944,2896,2896,1,253,257,,,,,,,,2896.294116,6506,275,20676,230,1,0
4702921684,4/16/2016,11140,9.029999733,9.029999733,0,0.2399999946,1.25,7.539999962,0,3,24,335,556,3328,3328,2,382,406,,,,,,,,3322.13733,11134,392,23716,498,22,2
4702921684,4/17/2016,12692,10.28999996,10.28999996,0,0.9599999785,3.460000038,5.880000114,0,12,66,302,437,3394,3394,1,591,612,,,,,,,,3394.418604,12692,470,24232,592,28,3
4702921684,4/18/2016,9105,7.380000114,7.380000114,0,1.820000052,1.49000001,4.070000172,0,22,30,191,890,3013,3013,1,293,312,,,,,,,,3013.961316,9105,317,21516,288,19,0
4702921684,4/19/2016,6708,5.440000057,5.440000057,0,0.8799999952,0.3700000048,4.190000057,0,10,8,179,757,2812,2812,1,457,487,,,,,,,,2812.806431,6708,225,20080,466,20,0
4702921684,4/20/2016,8793,7.130000114,7.130000114,0,0.1599999964,1.230000019,5.730000019,0,2,29,260,717,3061,3061,1,454,468,,,,,,,,3061.308357,8793,324,21854,416,15,0
4702921684,4/21/2016,6530,5.300000191,5.300000191,0,0.3100000024,2.049999952,2.940000057,0,4,41,144,901,2729,2729,1,425,434,,,,,,,,2729.598898,6530,238,19486,342,8,0
4702921684,4/22/2016,1664,1.350000024,1.350000024,0,0,0,1.350000024,0,0,0,72,1341,2241,2241,,,,,,,,,,,2241.840318,1664,72,16004,27,0,0
4702921684,4/23/2016,15126,12.27000046,12.27000046,0,0.7599999905,3.24000001,8.270000458,0,9,66,408,469,3691,3691,1,465,475,,,,,,,,3691.948532,15126,567,26356,477,10,0
4702921684,4/24/2016,15050,12.22000027,12.22000027,0,1.200000048,5.119999886,5.880000114,0,15,95,281,542,3538,3538,1,480,506,,,,,,,,3538.701004,15050,516,25262,480,27,0
4702921684,4/25/2016,9167,7.429999828,7.429999828,0,0.4900000095,0.8199999928,6.110000134,0,6,15,270,730,3064,3064,1,370,380,,,,,,,,3060.467876,9140,318,21848,407,11,1
4702921684,4/26/2016,6108,4.949999809,4.949999809,0,0.0700000003,0.349999994,4.539999962,0,1,8,216,765,2784,2784,1,421,429,,,,,,,,2783.949946,6108,235,19874,436,13,1
4702921684,4/27/2016,7047,5.71999979,5.71999979,0,0.09000000358,0.8000000119,4.78000021,0,1,16,238,733,2908,2908,1,432,449,,,,,,,,2902.457634,6976,273,20720,446,6,0
4702921684,4/28/2016,9023,7.320000172,7.320000172,0,1.129999995,0.4199999869,5.769999981,0,14,9,232,738,3033,3033,1,442,461,,,,,,,,3033.852678,9023,292,21658,426,20,1
4702921684,4/29/2016,9930,8.050000191,8.050000191,0,1.059999943,0.9200000167,6.070000172,0,12,19,267,692,3165,3165,1,433,447,,,,,,,,3165.247724,9930,341,22596,438,12,0
4702921684,4/30/2016,10144,8.229999542,8.229999542,0,0.3199999928,2.029999971,5.880000114,0,4,36,263,728,3115,3115,1,479,501,,,,,,,,3115.939548,10144,347,22244,387,22,0
4702921684,5/1/2016,0,0,0,0,0,0,0,0,0,0,0,1440,2017,2017,,,,,,,,,,,2017.151986,0,0,14400,,,
4702921684,5/2/2016,7245,5.920000076,5.920000076,0,0.3799999952,1.74000001,3.75999999,0,5,40,195,1131,2859,2859,,,,,,,,,,,2859.032826,7245,290,20410,66,2,1
4702921684,5/3/2016,9454,7.670000076,7.670000076,0,0,0,7.670000076,0,0,0,313,729,3145,3145,,,,,,,,,,,3143.675403,9454,313,22442,351,40,7
4702921684,5/4/2016,8161,6.619999886,6.619999886,0,0.3400000036,0.7300000191,5.539999962,0,4,15,251,757,3004,3004,,,,,,,,,,,3004.155717,8161,293,21446,390,19,3
4702921684,5/5/2016,8614,6.989999771,6.989999771,0,0.6700000167,0.2199999988,6.090000153,0,8,5,241,745,3006,3006,,,,,,,,,,,3004.716039,8614,275,21450,426,12,3
4702921684,5/6/2016,6943,5.630000114,5.630000114,0,0.07999999821,0.6600000262,4.869999886,0,1,16,207,682,2859,2859,,,,,,,,,,,2856.511393,6910,242,20392,489,40,5
4702921684,5/7/2016,14370,11.64999962,11.64999962,0,0.3700000048,2.309999943,8.970000267,0,5,46,439,577,3683,3683,,,,,,,,,,,3683.823899,14370,546,26298,355,18,0
4702921684,5/8/2016,12857,10.43000031,10.43000031,0,0.6800000072,6.210000038,3.539999962,0,9,125,192,1019,3287,3287,,,,,,,,,,,3287.39747,12857,469,23468,87,7,1
4702921684,5/9/2016,8232,6.679999828,6.679999828,0,0,0.5699999928,6.099999905,0,0,12,253,746,2990,2990,,,,,,,,,,,2990.988195,8232,277,21352,410,19,0
4702921684,5/10/2016,10613,8.609999657,8.609999657,0,0.07999999821,1.879999995,6.650000095,0,1,37,262,701,3172,3172,,,,,,,,,,,3172.81204,10613,339,22650,422,13,4
4702921684,5/11/2016,9810,7.960000038,7.960000038,0,0.7799999714,2.160000086,4.980000019,0,10,41,235,784,3069,3069,,,,,,,,,,,3069.993311,9772,347,21916,360,8,2
4702921684,5/12/2016,2752,2.230000019,2.230000019,0,0,0,2.230000019,0,0,0,68,241,1240,1240,,,,,,,,,,,1221.777773,2752,68,8722,330,34,0
5553957443,4/12/2016,11596,7.570000172,7.570000172,0,1.370000005,0.7900000215,5.409999847,0,19,13,277,767,2026,2026,,,,,,,,64.3651135,50,106,2026.008776,11596,360,22118,346,16,2
5553957443,4/13/2016,4832,3.160000086,3.160000086,0,0,0,3.160000086,0,0,0,226,647,1718,1718,2,455,488,,,,,,,,1718.324388,4832,226,18759,529,33,5
5553957443,4/14/2016,17022,11.11999989,11.11999989,0,4,2.450000048,4.670000076,0,61,41,256,693,2324,2324,1,357,418,,,,,,,,2324.441583,17022,521,25376,325,57,6
5553957443,4/15/2016,16556,10.85999966,10.85999966,0,4.159999847,1.980000019,4.710000038,0,58,38,239,689,2254,2254,1,377,409,,,,,,,,2254.367589,16556,489,24611,388,27,0
5553957443,4/16/2016,5771,3.769999981,3.769999981,0,0,0,3.769999981,0,0,0,288,521,1831,1831,2,651,686,,,,,,,,1831.083981,5771,288,19990,598,32,1
5553957443,4/17/2016,655,0.4300000072,0.4300000072,0,0,0,0.4300000072,0,0,0,46,943,1397,1397,1,350,402,,,,,,,,1397.816005,655,46,15260,398,52,1
5553957443,4/18/2016,3727,2.430000067,2.430000067,0,0,0,2.430000067,0,0,0,206,622,1683,1683,2,520,541,,,,,,,,1683.241587,3727,206,18376,585,25,2
5553957443,4/19/2016,15482,10.10999966,10.10999966,0,4.28000021,1.659999967,4.179999828,0,69,28,249,756,2284,2284,1,357,410,,,,,,,,2284.137585,15482,512,24936,292,38,8
5553957443,4/20/2016,2713,1.769999981,1.769999981,0,0,0,1.769999981,0,0,0,148,598,1570,1570,1,658,678,,,,,,,,1570.023994,2713,148,17140,665,25,4
5553957443,4/21/2016,12346,8.06000042,8.06000042,0,2.950000048,2.160000086,2.960000038,0,47,42,177,801,2066,2066,1,399,431,,,,,,,,2066.404388,12346,402,22559,349,18,5
5553957443,4/22/2016,11682,7.630000114,7.630000114,0,1.379999995,0.6299999952,5.599999905,0,25,16,270,781,2105,2105,1,322,353,,,,,,,,2104.509978,11670,377,22975,317,30,1
5553957443,4/23/2016,4112,2.690000057,2.690000057,0,0,0,2.680000067,0,0,0,272,443,1776,1776,2,631,725,,,,,,,,1776.215584,4110,272,19391,631,80,14
5553957443,4/24/2016,1807,1.179999948,1.179999948,0,0,0,1.179999948,0,0,0,104,582,1507,1507,2,553,640,,,,,,,,1507.461192,1807,104,16457,661,85,8
5553957443,4/25/2016,10946,7.190000057,7.190000057,0,2.930000067,0.5699999928,3.690000057,0,51,11,201,732,2033,2033,1,433,468,,,,,,,,2033.061991,10946,376,22195,415,27,3
5553957443,4/26/2016,11886,7.760000229,7.760000229,0,2.369999886,0.9300000072,4.460000038,0,40,18,238,750,2093,2093,1,412,453,,,,,,,,2093.884386,11886,394,22859,353,41,0
5553957443,4/27/2016,10538,6.880000114,6.880000114,0,1.139999986,1,4.739999771,0,16,16,206,745,1922,1922,1,347,391,,,,,,,,1922.134383,10538,286,20984,410,44,2
5553957443,4/28/2016,11393,7.630000114,7.630000114,0,3.710000038,0.75,3.170000076,0,49,13,165,727,1999,1999,1,421,457,,,,,,,,1999.62799,11393,338,21830,446,39,0
5553957443,4/29/2016,12764,8.329999924,8.329999924,0,2.789999962,0.6399999857,4.909999847,0,46,15,270,709,2169,2169,1,450,495,,,,,,,,2169.729177,12764,438,23687,356,33,10
5553957443,4/30/2016,1202,0.7799999714,0.7799999714,0,0,0,0.7799999714,0,0,0,84,506,1463,1463,2,775,843,,,,,,,,1463.309998,1202,84,15975,778,62,10
5553957443,5/1/2016,5164,3.369999886,3.369999886,0,0,0,3.369999886,0,0,0,237,436,1747,1747,,,,,,,,66.5434499,49,116,1747.26999,5164,237,19075,684,57,26
5553957443,5/2/2016,9769,6.380000114,6.380000114,0,1.059999943,0.4099999964,4.900000095,0,23,9,227,724,1996,1996,,,,,,,,72.59142652,50,125,1996.860038,9769,314,21881,417,39,1
5553957443,5/3/2016,12848,8.390000343,8.390000343,0,1.5,1.200000048,5.679999828,0,26,29,247,812,2116,2116,,,,,,,,69.95312333,50,134,2114.676695,12821,383,23172,282,42,2
5553957443,5/4/2016,4249,2.769999981,2.769999981,0,0,0,2.769999981,0,0,0,224,651,1698,1698,,,,,,,,61.67218347,47,108,1698.622355,4249,224,18613,536,25,4
5553957443,5/5/2016,14331,9.510000229,9.510000229,0,3.430000067,1.659999967,4.429999828,0,44,29,241,692,2156,2156,,,,,,,,69.40141726,49,165,2156.291253,14331,431,23628,392,37,5
5553957443,5/6/2016,9632,6.289999962,6.289999962,0,1.519999981,0.5400000215,4.230000019,0,21,9,229,761,1916,1916,,,,,,,,63.1651967,51,104,1916.003672,9632,310,20995,385,28,7
5553957443,5/7/2016,1868,1.220000029,1.220000029,0,0,0,1.220000029,0,0,0,96,902,1494,1494,,,,,,,,63.02644231,51,140,1494.473733,1868,96,16376,416,25,1
5553957443,5/8/2016,6083,4,4,0,0.2199999988,0.4699999988,3.299999952,0,3,8,210,505,1762,1762,,,,,,,,65.56943609,51,110,1762.686876,6083,235,19315,673,36,5
5553957443,5/9/2016,11611,7.579999924,7.579999924,0,2.130000114,0.8899999857,4.559999943,0,59,22,251,667,2272,2272,,,,,,,,76.65612884,51,149,2272.739017,11611,472,24904,397,34,10
5553957443,5/10/2016,16358,10.71000004,10.71000004,0,3.869999886,1.610000014,5.199999809,0,61,40,265,707,2335,2335,,,,,,,,76.83269439,53,133,2335.982193,16315,528,25597,348,11,8
5553957443,5/11/2016,4926,3.220000029,3.220000029,0,0,0,3.220000029,0,0,0,195,628,1693,1693,,,,,,,,65.40050891,54,103,1693.329274,4926,195,18555,585,31,1
5553957443,5/12/2016,3121,2.039999962,2.039999962,0,0.5799999833,0.400000006,1.059999943,0,8,6,48,222,741,741,,,,,,,,64.19532265,54,107,715.2046074,3121,84,7837,316,25,3
5577150313,4/12/2016,8135,6.079999924,6.079999924,0,3.599999905,0.3799999952,2.099999905,0,86,16,140,728,3405,3405,,,,,,,,65.65607369,41,154,3405.37006,8135,430,26431,453,15,2
5577150313,4/13/2016,5077,3.789999962,3.789999962,0,0.3199999928,0.2199999988,3.25,0,15,11,144,776,2551,2551,1,432,458,,,,,,,,2551.933936,5077,211,19807,467,22,5
5577150313,4/14/2016,8596,6.420000076,6.420000076,0,3.329999924,0.3100000024,2.779999971,0,118,30,176,662,4022,4022,1,477,497,,,,,,,,4097.627382,8596,590,31804,435,16,3
5577150313,4/15/2016,12087,9.079999924,9.079999924,0,3.920000076,1.600000024,3.559999943,0,115,54,199,695,4005,4005,1,392,413,,,,,,,,4004.040231,12087,652,31660,355,18,3
5577150313,4/16/2016,14269,10.65999985,10.65999985,0,6.639999866,1.279999971,2.730000019,0,184,56,158,472,4274,4274,1,406,445,,,,,,,,4272.451132,14261,822,33785,521,29,20
5577150313,4/17/2016,12231,9.140000343,9.140000343,0,5.980000019,0.8299999833,2.319999933,0,200,37,159,525,4552,4552,1,549,583,90.69999695,28,,FALSE,,,,4552.35289,12231,833,36024,481,31,7
5577150313,4/18/2016,9893,7.389999866,7.389999866,0,4.860000134,0.7200000286,1.820000052,0,114,32,130,623,3625,3625,1,527,553,,,,,,,,3624.417981,9893,536,28681,529,12,0
5577150313,4/19/2016,12574,9.420000076,9.420000076,0,7.019999981,0.6399999857,1.75999999,0,108,23,111,733,3501,3501,1,449,465,,,,,,,,3501.459972,12574,481,27708,439,24,2
5577150313,4/20/2016,8330,6.21999979,6.21999979,0,4.119999886,0.3400000036,1.75999999,0,87,16,113,773,3192,3192,1,447,480,,,,,,,,3192.485318,8330,406,25263,421,27,3
5577150313,4/21/2016,10830,8.090000153,8.090000153,0,3.650000095,1.659999967,2.779999971,0,110,74,175,670,4018,4018,1,414,437,,,,,,,,4018.566012,10830,653,31800,385,22,3
5577150313,4/22/2016,9172,6.849999905,6.849999905,0,2.420000076,0.7900000215,3.299999952,0,62,30,200,823,3329,3329,1,338,366,,,,,,,,3283.977193,8700,446,25987,308,8,9
5577150313,4/23/2016,7638,5.710000038,5.710000038,0,1.210000038,0.3600000143,4.139999866,0,24,24,223,627,3152,3152,1,384,402,,,,,,,,3151.288696,7638,343,24937,501,39,2
5577150313,4/24/2016,15764,11.77999973,11.77999973,0,7.650000095,2.150000095,1.980000019,0,210,65,141,425,4392,4392,1,543,615,,,,,,,,4392.368472,15764,901,34758,530,51,17
5577150313,4/25/2016,6393,4.78000021,4.78000021,0,1.350000024,0.6700000167,2.75999999,0,61,38,214,743,3374,3374,1,421,461,,,,,,,,3374.584493,6393,473,26704,362,20,2
5577150313,4/26/2016,5325,3.980000019,3.980000019,0,0.8500000238,0.6499999762,2.470000029,0,38,32,181,759,3088,3088,1,354,377,,,,,,,,3088.861917,5325,359,24443,400,27,3
5577150313,4/27/2016,6805,5.139999866,5.139999866,0,1.809999943,0.400000006,2.930000067,0,63,16,190,773,3294,3294,1,424,452,,,,,,,,3294.213169,6805,411,26068,375,23,0
5577150313,4/28/2016,9841,7.429999828,7.429999828,0,3.25,1.169999957,3.00999999,0,99,51,141,692,3580,3580,1,361,372,,,,,,,,3580.567599,9841,540,28334,445,12,0
5577150313,4/29/2016,7924,5.920000076,5.920000076,0,2.839999914,0.6100000143,2.470000029,0,97,36,165,739,3544,3544,1,459,485,,,,,,,,3544.931248,7924,528,28052,381,19,3
5577150313,4/30/2016,12363,9.239999771,9.239999771,0,5.829999924,0.7900000215,2.609999895,0,207,45,163,621,4501,4501,1,412,433,,,,,,,,4501.425777,12363,874,35621,380,21,3
5577150313,5/1/2016,13368,9.989999771,9.989999771,0,5.309999943,1.440000057,3.24000001,0,194,72,178,499,4546,4546,,,,,,,,73.70357503,44,140,4546.918981,13368,904,35981,477,20,0
5577150313,5/2/2016,7439,5.559999943,5.559999943,0,1.120000005,0.349999994,4.070000172,0,37,20,235,732,3014,3014,,,,,,,,64.60946602,43,128,3014.050872,7414,386,23851,392,15,9
5577150313,5/3/2016,11045,8.25,8.25,0,4.519999981,0.150000006,3.569999933,0,97,8,212,580,3795,3795,,,,,,,,70.00069045,42,154,3795.396592,11045,519,30034,508,34,1
5577150313,5/4/2016,5206,3.890000105,3.890000105,0,1.559999943,0.25,2.079999924,0,25,9,141,631,2755,2755,,,,,,,,62.24588164,36,143,2753.855052,5206,234,21792,603,27,4
5577150313,5/5/2016,7550,5.639999866,5.639999866,0,2.5,0.4699999988,2.670000076,0,45,21,143,1153,3004,3004,,,,,,,,72.21057965,50,141,3004.952243,7550,320,23779,74,1,3
5577150313,5/6/2016,4950,3.700000048,3.700000048,0,1.929999948,0.3199999928,1.450000048,0,41,16,79,1304,2643,2643,,,,,,,,70.48196015,48,134,2643.407671,4950,234,20918,,,
5577150313,5/7/2016,0,0,0,0,0,0,0,0,0,0,0,1440,1819,1819,,,,,,,,,,,1819.728012,0,0,14400,,,
5577150313,5/8/2016,0,0,0,0,0,0,0,0,0,0,0,1440,1819,1819,,,,,,,,,,,1819.728012,0,0,14400,,,
5577150313,5/9/2016,3421,2.559999943,2.559999943,0,1.429999948,0.1400000006,0.9900000095,0,34,11,70,1099,2489,2489,,,,,,,,68.04024697,51,130,2489.362644,3421,194,19699,187,18,21
5577150313,5/10/2016,8869,6.650000095,6.650000095,0,2.559999943,0.75,3.349999905,0,104,37,194,639,3841,3841,,,,,,,,75.29284883,42,172,3841.142541,8869,580,30396,434,27,5
5577150313,5/11/2016,4038,3.039999962,3.039999962,0,1.830000043,0.3000000119,0.8899999857,0,45,15,63,257,1665,1665,,,,,,,,67.04067948,45,173,1649.633986,3929,226,13054,314,30,2
6117666160,4/12/2016,0,0,0,0,0,0,0,0,0,0,0,1440,1496,1496,,,,,,,,,,,1496.59195,0,0,14400,,,
6117666160,4/13/2016,0,0,0,0,0,0,0,0,0,0,0,1440,1496,1496,,,,,,,,,,,1496.59195,0,0,14400,,,
6117666160,4/14/2016,0,0,0,0,0,0,0,0,0,0,0,1440,1496,1496,,,,,,,,,,,1496.59195,0,0,14400,,,
6117666160,4/15/2016,14019,10.59000015,10.59000015,0,0,0.2800000012,10.30000019,0,0,6,513,921,2865,2865,,,,,,,,,,,2865.142178,14019,525,27568,,,
6117666160,4/16/2016,14450,10.90999985,10.90999985,0,0.5799999833,0.8500000238,9.479999542,0,7,15,518,502,2828,2828,1,380,398,,,,,,,,2828.454886,14450,569,27215,380,17,1
6117666160,4/17/2016,7150,5.400000095,5.400000095,0,0,0,5.400000095,0,0,0,312,702,2225,2225,2,336,350,,,,,,,,2225.764818,7150,312,21416,409,17,0
6117666160,4/18/2016,5153,3.910000086,3.910000086,0,0,0,3.890000105,0,0,0,241,759,2018,2018,2,493,510,,,,,,,,2018.944121,5153,241,19426,426,10,4
6117666160,4/19/2016,11135,8.409999847,8.409999847,0,0,0,8.409999847,0,0,0,480,425,2606,2606,1,465,492,,,,,,,,2606.66827,11135,480,25081,504,28,2
6117666160,4/20/2016,10449,8.020000458,8.020000458,0,2.029999971,0.4799999893,5.519999981,0,26,10,349,587,2536,2536,1,474,502,,,,,,,,2536.20372,10449,447,24403,441,26,0
6117666160,4/21/2016,19542,15.01000023,15.01000023,0,0.9800000191,0.400000006,5.619999886,0,11,19,294,579,4900,4900,1,508,550,,,,,,,,2366.693902,9093,365,22772,496,36,5
6117666160,4/22/2016,8206,6.199999809,6.199999809,0,0,0,6.199999809,0,0,0,402,413,2409,2409,1,480,546,,,,,,,,2409.720917,8206,402,23186,568,36,21
6117666160,4/23/2016,11495,8.680000305,8.680000305,0,0,0,8.680000305,0,0,0,512,468,2651,2651,1,492,539,,,,,,,,2650.422793,11495,512,25502,422,24,14
6117666160,4/24/2016,7623,5.760000229,5.760000229,0,0,0,5.760000229,0,0,0,362,711,2305,2305,1,353,367,,,,,,,,2305.16734,7623,362,22180,353,13,1
6117666160,4/25/2016,0,0,0,0,0,0,0,0,0,0,0,1440,1497,1497,,,,,,,,,,,1496.59195,0,0,14400,,,
6117666160,4/26/2016,9543,7.210000038,7.210000038,0,0,0.3400000036,6.869999886,0,0,7,352,1077,2450,2450,,,,,,,,,,,2450.253623,9543,366,23576,2,1,1
6117666160,4/27/2016,9411,7.110000134,7.110000134,0,0,0,7.110000134,0,0,0,458,417,2576,2576,1,542,557,,,,,,,,2576.84036,9411,458,24794,546,19,0
6117666160,4/28/2016,3403,2.599999905,2.599999905,0,0,0,2.599999905,0,0,0,141,758,1879,1879,1,393,416,,,,,,,,1879.781854,3403,141,18087,501,33,7
6117666160,4/29/2016,9592,7.239999771,7.239999771,0,0,0,7.239999771,0,0,0,461,479,2560,2560,1,600,636,,,,,,,,2560.315485,9592,461,24635,486,12,1
6117666160,4/30/2016,6987,5.28000021,5.28000021,0,0,0,5.28000021,0,0,0,343,1040,2275,2275,,,,,,,,,,,2275.651218,6987,343,21896,54,2,1
6117666160,5/1/2016,8915,6.730000019,6.730000019,0,0,0,6.730000019,0,0,0,397,525,2361,2361,,,,,,,,77.43914274,55,114,2361.081677,8915,397,22718,453,42,23
6117666160,5/2/2016,4933,3.730000019,3.730000019,0,0,0,3.730000019,0,0,0,236,1204,2044,2044,,,,,,,,91.67101621,61,123,2042.120517,4927,235,19649,,,
6117666160,5/3/2016,0,0,0,0,0,0,0,0,0,0,0,1440,1496,1496,,,,,,,,,,,1496.59195,0,0,14400,,,
6117666160,5/4/2016,2997,2.25999999,2.25999999,0,0,0,2.25999999,0,0,0,156,1279,1902,1902,,,,,,,,92.89779736,62,124,1902.022882,2997,156,18301,5,0,0
6117666160,5/5/2016,9799,7.400000095,7.400000095,0,0,0,7.400000095,0,0,0,487,479,2636,2636,,,,,,,,84.71879316,52,120,2636.600108,9799,487,25369,447,22,5
6117666160,5/6/2016,3365,2.680000067,2.680000067,0,0,0,2.680000067,0,0,0,133,673,1838,1838,,,,,,,,76.57278208,54,126,1837.066623,3365,133,17676,598,32,4
6117666160,5/7/2016,7336,5.539999962,5.539999962,0,0,0,5.539999962,0,0,0,412,456,2469,2469,,,,,,,,83.87947811,54,126,2469.168882,7336,412,23758,557,11,4
6117666160,5/8/2016,7328,5.53000021,5.53000021,0,0,0,5.53000021,0,0,0,318,517,2250,2250,,,,,,,,81.14073913,52,118,2250.811951,7328,318,21657,555,37,13
6117666160,5/9/2016,4477,3.380000114,3.380000114,0,0,0,3.380000114,0,0,0,197,125,1248,1248,,,,,,,,76.46606061,52,113,1085.444891,3297,155,10444,433,18,4
6290855005,4/12/2016,4562,3.450000048,3.450000048,0,0,0,3.450000048,0,0,0,199,1241,2560,2560,,,,,,,,,,,2560.058997,4562,199,17890,,,
6290855005,4/13/2016,7142,5.400000095,5.400000095,0,0,0,5.389999866,0.009999999776,0,0,350,1090,2905,2905,,,,,,,,,,,2905.216209,7142,350,20302,,,
6290855005,4/14/2016,7671,5.800000191,5.800000191,0,0,0,5.769999981,0.02999999933,0,0,363,1077,2952,2952,,,,,,,,,,,2952.439207,7671,363,20632,,,
6290855005,4/15/2016,9501,7.179999828,7.179999828,0,0,0,7.170000076,0.009999999776,0,0,328,1112,2896,2896,,,,,,,,,,,2896.343998,9501,328,20240,,,
6290855005,4/16/2016,8301,6.28000021,6.28000021,0,0,0,6.269999981,0.009999999776,0,0,258,1182,2783,2783,,,,,,,,,,,2783.8674,8301,258,19454,,,
6290855005,4/17/2016,7851,5.940000057,5.940000057,0,1.139999986,0.7900000215,4,0,31,12,225,1172,3171,3171,,,,,,,,,,,3171.711328,7851,342,22164,,,
6290855005,4/18/2016,6885,5.210000038,5.210000038,0,0,0,5.190000057,0.01999999955,0,0,271,1169,2766,2766,,,,,,,,,,,2766.409202,6885,271,19332,,,
6290855005,4/19/2016,7142,5.400000095,5.400000095,0,0,0,5.389999866,0.009999999776,0,0,321,1119,2839,2839,,,,,,,,,,,2839.390196,7142,321,19842,,,
6290855005,4/20/2016,6361,4.809999943,4.809999943,0,0,0,4.800000191,0.009999999776,0,0,258,1182,2701,2701,,,,,,,,,,,2701.155596,6361,258,18876,,,
6290855005,4/21/2016,0,0,0,0,0,0,0,0,0,0,0,1440,2060,2060,,,,,,,,,,,2060.639991,0,0,14400,,,
6290855005,4/22/2016,6238,4.71999979,4.71999979,0,0,0,4.71999979,0,0,0,302,1138,2796,2796,,,,,,,,,,,2796.174,6238,302,19540,,,
6290855005,4/23/2016,0,0,0,0,0,0,0,0,33,0,0,1407,2664,2664,,,,,,,,,,,2664.419109,0,99,18624,,,
6290855005,4/24/2016,5896,4.460000038,4.460000038,0,0,0,4.460000038,0,0,0,258,1182,2703,2703,,,,,,,,,,,2703.731398,5896,258,18894,,,
6290855005,4/25/2016,7802,5.900000095,5.900000095,0,0.6800000072,0.1800000072,5.03000021,0.009999999776,8,3,249,1180,2771,2771,,,,,,,,,,,2771.560797,7802,279,19368,,,
6290855005,4/26/2016,0,0,0,0,0,0,0,0,0,0,0,1440,2060,2060,,,,,,,,,,,2060.639991,0,0,14400,,,
6290855005,4/27/2016,5565,4.210000038,4.210000038,0,0,0,4.179999828,0.02999999933,0,0,287,1153,2743,2743,,,,,,,,,,,2743.513203,5565,287,19172,,,
6290855005,4/28/2016,5731,4.329999924,4.329999924,0,0,0,4.329999924,0,0,0,255,1185,2687,2687,,,,,,,,,,,2687.417997,5731,255,18780,,,
6290855005,4/29/2016,0,0,0,0,0,0,0,0,0,0,0,1440,2060,2060,,,,,,,,,,,2060.639991,0,0,14400,,,
6290855005,4/30/2016,6744,5.099999905,5.099999905,0,0,0,5.090000153,0.009999999776,0,0,324,1116,2843,2843,,,,,,,,,,,2843.683202,6744,324,19872,,,
6290855005,5/1/2016,9837,7.440000057,7.440000057,0,0.6600000262,2.75,4,0.01999999955,8,95,282,1055,3327,3327,,,,,,,,,,,3327.192353,9837,496,23278,,,
6290855005,5/2/2016,6781,5.130000114,5.130000114,0,0,0,5.110000134,0.01999999955,0,0,268,1172,2725,2725,,,,,,,,,,,2725.196401,6781,268,19044,,,
6290855005,5/3/2016,6047,4.570000172,4.570000172,0,0,0,4.570000172,0,0,0,240,1200,2671,2671,,,,,,,,,,,2671.390799,6047,240,18668,,,
6290855005,5/4/2016,5832,4.409999847,4.409999847,0,0,0,4.400000095,0.009999999776,0,0,272,1168,2718,2718,,,,,,,,,,,2718.613802,5832,272,18998,,,
6290855005,5/5/2016,6339,4.789999962,4.789999962,0,0,0,4.789999962,0,0,0,239,1201,2682,2682,,,,,,,,,,,2682.838799,6339,239,18748,,,
6290855005,5/6/2016,6116,4.619999886,4.619999886,0,0,0,4.590000153,0.02999999933,0,0,305,1135,2806,2806,,,,,,,,,,,2806.763398,6116,305,19614,,,
6290855005,5/7/2016,5510,4.170000076,4.170000076,0,0,0,4.159999847,0,0,0,227,1213,2613,2613,,,,,,,,,,,2613.578398,5510,227,18264,,,
6290855005,5/8/2016,7706,5.829999924,5.829999924,0,0,0,5.820000172,0,0,0,251,1189,2712,2712,,,,,,,,,,,2712.317398,7706,251,18954,,,
6290855005,5/9/2016,6277,4.75,4.75,0,0,0,4.730000019,0.01999999955,0,0,264,800,2175,2175,,,,,,,,,,,2094.411602,6118,257,14636,,,
6290855005,5/10/2016,0,0,0,0,0,0,0,0,0,0,0,1440,0,0,,,,,,,,,,,,,,,,,
6775888955,4/12/2016,0,0,0,0,0,0,0,0,0,0,0,1440,1841,1841,,,,,,,,,,,1841.039944,0,0,14400,,,
6775888955,4/13/2016,4053,2.910000086,2.910000086,0,1.110000014,0.5799999833,1.220000029,0,17,18,85,1053,2400,2400,1,235,260,,,,,,,,2400.767253,4053,172,18778,235,19,13
6775888955,4/14/2016,5162,3.700000048,3.700000048,0,0.8700000048,0.8600000143,1.970000029,0,14,24,105,863,2507,2507,1,423,441,,,,,,,,2507.522001,5162,195,19613,423,11,0
6775888955,4/15/2016,1282,0.9200000167,0.9200000167,0,0,0,0.9200000167,0,0,0,58,976,2127,2127,1,391,406,,,,,,,,2127.935348,1282,58,16644,391,11,4
6775888955,4/16/2016,4732,3.390000105,3.390000105,0,2.519999981,0.8100000024,0.05999999866,0,36,18,9,1377,2225,2225,,,,,,,,,,,2225.101345,4732,153,17404,,,
6775888955,4/17/2016,2497,1.789999962,1.789999962,0,0.349999994,1.129999995,0.3100000024,0,5,24,19,1392,2067,2067,,,,,,,,,,,2067.206595,2497,82,16169,,,
6775888955,4/18/2016,8294,5.949999809,5.949999809,0,2,0.7699999809,3.170000076,0,30,31,146,1233,2798,2798,,,,,,,,,,,2798.252901,8294,298,21887,,,
6775888955,4/19/2016,0,0,0,0,0,0,0,0,0,0,0,1440,1841,1841,,,,,,,,,,,1841.039944,0,0,14400,,,
6775888955,4/20/2016,10771,7.71999979,7.71999979,0,3.769999981,1.74000001,2.220000029,0,70,113,178,1079,3727,3727,,,,,,,,,,,3727.338861,10771,614,29154,,,
6775888955,4/21/2016,0,0,0,0,0,0,0,0,0,0,0,1440,1841,1841,,,,,,,,,,,1841.039944,0,0,14400,,,
6775888955,4/22/2016,637,0.4600000083,0.4600000083,0,0,0,0.4600000083,0,0,0,20,1420,1922,1922,,,,,,,,,,,1922.736096,637,20,15039,,,
6775888955,4/23/2016,0,0,0,0,0,0,0,0,0,0,0,1440,1841,1841,,,,,,,,,,,1841.039944,0,0,14400,,,
6775888955,4/24/2016,2153,1.539999962,1.539999962,0,0.7699999809,0.6200000048,0.150000006,0,11,18,11,1400,2053,2053,,,,,,,,,,,2053.270943,2153,80,16060,,,
6775888955,4/25/2016,6474,4.639999866,4.639999866,0,2.269999981,0.4600000083,1.899999976,0,33,13,92,1302,2484,2484,,,,,,,,,,,2482.463399,6463,217,19417,,,
6775888955,4/26/2016,7091,5.269999981,5.269999981,1.959596038,3.480000019,0.8700000048,0.7300000191,0,42,30,47,1321,2584,2584,,,,,,,,,,,2584.7434,7091,233,20217,,,
6775888955,4/27/2016,0,0,0,0,0,0,0,0,0,0,0,1440,1841,1841,,,,,,,,,,,1841.039944,0,0,14400,,,
6775888955,4/28/2016,703,0.5,0.5,0,0.05999999866,0.200000003,0.2399999946,0,2,13,15,1410,1993,1993,,,,,,,,,,,1993.053595,703,47,15589,,,
6775888955,4/29/2016,0,0,0,0,0,0,0,0,0,0,0,1440,1841,1841,,,,,,,,,,,1841.807044,0,0,14406,,,
6775888955,4/30/2016,2503,1.789999962,1.789999962,0,0.1599999964,0.1599999964,1.480000019,0,3,9,84,1344,2280,2280,,,,,,,,,,,2280.332553,2503,111,17836,,,
6775888955,5/1/2016,2487,1.779999971,1.779999971,0,0.4799999893,0.6200000048,0.6800000072,0,9,34,50,1347,2319,2319,,,,,,,,107.1391705,70,129,2319.582499,2487,145,18143,,,
6775888955,5/2/2016,0,0,0,0,0,0,0,0,0,0,0,1440,1841,1841,,,,,,,,,,,1841.167794,0,0,14401,,,
6775888955,5/3/2016,9,0.009999999776,0.009999999776,0,0,0,0.009999999776,0,0,0,1,1439,1843,1843,,,,,,,,,,,1843.341244,9,1,14418,,,
6775888955,5/4/2016,0,0,0,0,0,0,0,0,0,0,0,1440,1841,1841,,,,,,,,,,,1841.039944,0,0,14400,,,
6775888955,5/5/2016,0,0,0,0,0,0,0,0,0,0,0,1440,1841,1841,,,,,,,,,,,1841.039944,0,0,14400,,,
6775888955,5/6/2016,4697,3.369999886,3.369999886,0,0.4699999988,0.9300000072,1.929999948,0,12,35,75,1318,2496,2496,,,,,,,,98.85751073,71,135,2496.271201,4642,181,19525,,,
6775888955,5/7/2016,1967,1.409999967,1.409999967,0,0.1299999952,0.2399999946,1.049999952,0,2,5,49,551,1032,1032,,,,,,,,94.22182786,70,118,1011.421331,1892,61,7911,,,
6962181067,4/12/2016,10199,6.739999771,6.739999771,0,3.400000095,0.8299999833,2.50999999,0,50,14,189,796,1994,1994,,,,62.5,24.38999939,,TRUE,85.03632014,47,176,1994.675992,10199,367,22065,370,18,3
6962181067,4/13/2016,5652,3.74000001,3.74000001,0,0.5699999928,1.210000038,1.960000038,0,8,24,142,548,1718,1718,3,630,679,62.09999847,24.23999977,,TRUE,,,,1718.338864,5652,214,19063,660,47,11
6962181067,4/14/2016,1551,1.029999971,1.029999971,0,0,0,1.029999971,0,0,0,86,862,1466,1466,2,508,535,61.70000076,24.10000038,,TRUE,,,,1466.375541,1551,86,16313,474,16,2
6962181067,4/15/2016,5563,3.680000067,3.680000067,0,0,0,3.680000067,0,0,0,217,837,1756,1756,1,370,386,61.5,24,,TRUE,,,,1756.505418,5563,217,19582,370,14,2
6962181067,4/16/2016,13217,8.739999771,8.739999771,0,3.660000086,0.1899999976,4.880000114,0,50,3,280,741,2173,2173,1,357,366,62,24.20999908,,TRUE,,,,2172.549444,13217,436,24118,357,5,4
6962181067,4/17/2016,10145,6.710000038,6.710000038,0,0.3300000131,0.6800000072,5.690000057,0,5,13,295,634,2027,2027,1,427,446,61.40000153,23.95999908,,TRUE,,,,2027.746416,10145,336,22621,474,16,3
6962181067,4/18/2016,11404,7.539999962,7.539999962,0,0.8299999833,2.390000105,4.320000172,0,13,42,238,689,2039,2039,1,442,458,61.20000076,23.88999939,,TRUE,,,,2039.753886,11404,361,22788,433,21,4
6962181067,4/19/2016,10742,7.099999905,7.099999905,0,2.099999905,2.130000114,2.869999886,0,35,41,195,659,2046,2046,1,476,535,61.40000153,23.95999908,,TRUE,,,,2046.481172,10742,382,22830,457,49,4
6962181067,4/20/2016,13928,9.550000191,9.550000191,0,4.28000021,0.1899999976,5.090000153,0,48,4,297,639,2174,2174,1,418,424,61.70000076,24.10000038,,TRUE,,,,2174.349211,13928,449,24189,446,6,0
6962181067,4/21/2016,11835,9.710000038,7.880000114,4.081692219,3.99000001,2.099999905,3.50999999,0.1099999994,53,27,214,708,2179,2179,1,451,457,,,,,,,,2179.596575,11835,427,24315,433,5,0
6962181067,4/22/2016,10725,7.090000153,7.090000153,0,1.769999981,1.549999952,3.769999981,0,30,33,240,659,2086,2086,1,425,435,61.40000153,23.95999908,,TRUE,,,,2086.908815,10725,396,23281,456,19,3
6962181067,4/23/2016,20031,13.23999977,13.23999977,0,4.199999809,2,7.039999962,0,58,41,347,484,2571,2571,1,528,546,61.5,24,,TRUE,,,,2571.429915,20031,603,28667,468,4,0
6962181067,4/24/2016,5029,3.319999933,3.319999933,0,0,0,3.319999933,0,0,0,199,720,1705,1705,1,511,514,61.5,24,,TRUE,,,,1705.64552,5029,199,19015,515,5,1
6962181067,4/25/2016,13239,9.270000458,9.079999924,2.785175085,3.019999981,1.679999948,4.460000038,0.1000000015,35,31,282,637,2194,2194,1,400,415,61.70000076,24.10000038,,TRUE,,,,2194.394683,13239,449,24412,440,12,3
6962181067,4/26/2016,10433,6.900000095,6.900000095,0,2.579999924,0.4199999869,3.900000095,0,36,7,254,680,2012,2012,1,441,446,,,,,,,,2016.772039,10433,376,22436,454,8,1
6962181067,4/27/2016,10320,6.820000172,6.820000172,0,0.5500000119,2.019999981,4.25,0,7,38,279,697,2034,2034,1,455,467,61.20000076,23.88999939,,TRUE,,,,2034.114759,10320,376,22725,413,6,0
6962181067,4/28/2016,12627,8.350000381,8.350000381,0,2.50999999,0.2399999946,5.590000153,0,38,8,288,621,2182,2182,1,440,453,61.20000076,23.88999939,,TRUE,,,,2182.969886,12627,418,24388,466,17,2
6962181067,4/29/2016,10762,7.110000134,7.110000134,0,0.8199999928,0.4799999893,5.809999943,0,12,15,369,645,2254,2254,1,433,447,61.40000153,23.95999908,,TRUE,,,,2253.639218,10762,435,25141,392,7,0
6962181067,4/30/2016,10081,6.659999847,6.659999847,0,2.24000001,0.7599999905,3.670000076,0,32,16,237,731,2002,2002,1,422,424,61,23.81999969,,TRUE,,,,2002.157203,10081,365,22398,422,2,0
6962181067,5/1/2016,5454,3.609999895,3.609999895,0,0,0,3.609999895,0,0,0,215,722,1740,1740,,,,61.70000076,24.10000038,,TRUE,73.29039032,56,127,1740.71984,5454,215,19365,484,16,3
6962181067,5/2/2016,12912,8.539999962,8.539999962,0,1.200000048,2,5.340000153,0,18,39,313,655,2162,2162,,,,,,,,79.6740912,56,140,2162.128817,12912,445,24104,399,11,5
6962181067,5/3/2016,12109,8.119999886,8.119999886,0,1.74000001,2.039999962,4.329999924,0,21,36,267,654,2072,2072,,,,,,,,75.40436222,53,157,2071.970799,12109,402,23179,440,18,4
6962181067,5/4/2016,10147,6.710000038,6.710000038,0,0.4699999988,1.679999948,4.550000191,0,15,36,284,683,2086,2086,,,,61.09999847,23.85000038,,TRUE,79.47459106,55,174,2086.242382,10147,401,23323,408,12,2
6962181067,5/5/2016,10524,6.960000038,6.960000038,0,0.9900000095,1.159999967,4.809999943,0,14,22,305,591,2066,2066,,,,61.29999924,23.93000031,,TRUE,76.64476227,54,128,2066.52103,10524,391,23069,476,26,6
6962181067,5/6/2016,5908,3.910000086,3.910000086,0,0,0,3.910000086,0,0,0,299,717,1850,1850,,,,61.5,24,,TRUE,72.33436738,52,114,1850.511018,5908,299,20630,416,8,0
6962181067,5/7/2016,6815,4.5,4.5,0,0,0,4.5,0,0,0,328,745,1947,1947,,,,61.20000076,23.88999939,,TRUE,76.97600375,57,125,1947.021536,6815,328,21752,329,27,11
6962181067,5/8/2016,4188,2.769999981,2.769999981,0,0,0.5199999809,2.25,0,0,14,151,709,1659,1659,,,,61.20000076,23.88999939,,TRUE,74.99709744,54,116,1659.604917,4188,179,18541,534,26,6
6962181067,5/9/2016,12342,8.720000267,8.680000305,3.167821884,3.900000095,1.179999948,3.650000095,0,43,21,231,607,2105,2105,,,,62.40000153,24.35000038,,TRUE,77.01762783,56,181,2105.321281,12342,402,23307,536,2,0
6962181067,5/10/2016,15448,10.21000004,10.21000004,0,3.470000029,1.75,4.989999771,0,62,34,275,626,2361,2361,,,,62.09999847,24.23999977,,TRUE,83.32208251,57,184,2361.307482,15448,529,26196,425,16,2
6962181067,5/11/2016,6722,4.440000057,4.440000057,0,1.49000001,0.3100000024,2.650000095,0,24,7,199,709,1855,1855,,,,61.90000153,24.17000008,,TRUE,79.25104235,53,145,1855.582264,6722,285,20613,476,23,2
6962181067,5/12/2016,3587,2.369999886,2.369999886,0,0,0.25,2.109999895,0,0,8,105,127,928,928,,,,,,,,75.71574097,60,117,927.025962,3569,121,10298,465,14,2
7007744171,4/12/2016,14172,10.28999996,9.479999542,4.869782925,4.5,0.3799999952,5.409999847,0,53,8,355,1024,2937,2937,,,,,,,,96.42644388,70,151,2937.728525,14172,530,27171,,,
7007744171,4/13/2016,12862,9.649999619,8.600000381,4.851306915,4.610000134,0.5600000024,4.480000019,0,56,22,261,1101,2742,2742,,,,,,,,,,,2742.896279,12862,473,25369,,,
7007744171,4/14/2016,11179,8.239999771,7.480000019,3.285414934,2.950000048,0.3400000036,4.960000038,0,34,6,304,1096,2668,2668,,,,,,,,,,,2668.617842,11179,418,24682,,,
7007744171,4/15/2016,5273,3.529999971,3.529999971,0,0,0,3.529999971,0,0,0,202,1238,2098,2098,,,,,,,,,,,2098.501079,5273,202,19409,,,
7007744171,4/16/2016,4631,3.099999905,3.099999905,0,0,0,3.099999905,0,0,0,203,1155,2076,2076,1,79,82,,,,,,,,2076.228356,4631,203,19203,79,3,0
7007744171,4/17/2016,8059,5.389999866,5.389999866,0,0,0,5.389999866,0,0,0,305,1135,2383,2383,,,,,,,,,,,2383.505398,8059,305,22045,,,
7007744171,4/18/2016,14816,10.97999954,9.909999847,4.930550098,3.789999962,2.119999886,5.050000191,0.01999999955,48,31,284,1077,2832,2832,,,,,,,,,,,2832.419644,14816,490,26197,,,
7007744171,4/19/2016,14194,10.47999954,9.5,4.94214201,4.409999847,0.7599999905,5.309999943,0,53,17,304,1066,2812,2812,,,,,,,,,,,2811.011883,14194,497,25999,,,
7007744171,4/20/2016,15566,11.31000042,10.40999985,4.924840927,4.789999962,0.6700000167,5.860000134,0,60,33,347,1000,3096,3096,,,,,,,,,,,3096.232437,15566,593,28637,,,
7007744171,4/21/2016,13744,9.18999958,9.18999958,0,2.150000095,1.870000005,5.170000076,0,30,34,327,1049,2763,2763,,,,,,,,,,,2763.547196,13744,485,25560,,,
7007744171,4/22/2016,15299,10.23999977,10.23999977,0,4.099999905,1.75999999,4.369999886,0,64,50,261,1065,2889,2889,,,,,,,,,,,2889.506999,15299,553,26725,,,
7007744171,4/23/2016,8093,5.409999847,5.409999847,0,0.1299999952,1.129999995,4.150000095,0,2,25,223,1190,2284,2284,,,,,,,,,,,2284.575597,8093,279,21130,,,
7007744171,4/24/2016,11085,7.420000076,7.420000076,0,0,0,7.420000076,0,0,0,419,1021,2667,2667,,,,,,,,,,,2667.104159,11085,419,24668,,,
7007744171,4/25/2016,18229,13.34000015,12.19999981,4.861792088,4.309999943,1.370000005,7.670000076,0,51,24,379,986,3055,3055,,,,,,,,,,,3055.47119,18229,580,28260,,,
7007744171,4/26/2016,15090,10.10000038,10.10000038,0,0.9300000072,0.9399999976,8.229999542,0,16,22,424,978,2939,2939,,,,,,,,,,,2939.674672,15090,516,27189,,,
7007744171,4/27/2016,13541,10.22000027,9.06000042,4.885604858,4.269999981,0.6600000262,5.289999962,0,50,12,337,1041,2830,2830,,,,,,,,,,,2830.473477,13541,511,26179,,,
7007744171,4/28/2016,15128,10.11999989,10.11999989,0,1.090000033,0.7699999809,8.260000229,0,16,16,401,1007,2836,2836,,,,,,,,,,,2836.636316,15128,481,26236,,,
7007744171,4/29/2016,20067,14.30000019,13.42000008,4.911146164,4.309999943,2.049999952,7.949999809,0,55,42,382,961,3180,3180,,,,,,,,,,,3180.890398,20067,631,29420,,,
7007744171,4/30/2016,3761,2.519999981,2.519999981,0,0,0,2.519999981,0,0,0,200,1240,2051,2051,,,,,,,,,,,2051.252638,3761,200,18972,,,
7007744171,5/1/2016,5600,3.75,3.75,0,0,0,3.75,0,0,0,237,1142,2225,2225,,,,,,,,84.96455424,57,128,2225.758318,5600,237,20586,58,3,0
7007744171,5/2/2016,13041,9.180000305,8.720000267,2.832325935,4.639999866,0.6999999881,3.829999924,0,64,14,250,1112,2642,2642,,,,,,,,86.10571081,58,147,2642.020317,13041,470,24436,,,
7007744171,5/3/2016,14510,10.86999989,9.710000038,4.912367821,4.480000019,1.019999981,5.360000134,0,58,31,330,1021,2976,2976,,,,,,,,93.36198046,65,138,2976.327361,14510,566,27528,,,
7007744171,5/4/2016,0,0,0,0,0,0,0,0,0,0,0,1440,1557,1557,,,,,,,,,,,1557.468606,0,0,14405,,,
7007744171,5/5/2016,15010,11.10000038,10.03999996,4.878232002,4.329999924,1.289999962,5.480000019,0,53,23,317,1047,2933,2933,,,,,,,,97.89637306,70,133,2933.61996,15010,522,27133,,,
7007744171,5/6/2016,11459,7.670000076,7.670000076,0,3,0.8100000024,3.859999895,0,44,13,247,1136,2553,2553,,,,,,,,87.15,62,166,2553.686279,11459,405,23619,,,
7007744171,5/7/2016,0,0,0,0,0,0,0,0,0,0,0,111,120,120,,,,,,,,,,,64.87200024,0,0,600,,,
7086361926,4/12/2016,11317,8.409999847,8.409999847,0,5.269999981,0.150000006,2.970000029,0,59,6,153,745,2772,2772,,,,,,,,,,,2772.212345,11309,342,24496,463,10,3
7086361926,4/13/2016,5813,3.619999886,3.619999886,0,0.5600000024,0.2099999934,2.839999914,0,31,26,155,744,2516,2516,1,451,465,,,,,,,,2516.334981,5813,300,22235,474,10,0
7086361926,4/14/2016,9123,6.119999886,6.119999886,0,2.029999971,0.3300000131,3.660000086,0,35,32,189,787,2734,2734,1,472,476,,,,,,,,2727.397021,8998,358,24100,396,1,0
7086361926,4/15/2016,8585,5.670000076,5.670000076,0,2.039999962,1.110000014,2.529999971,0,30,21,139,864,2395,2395,1,377,386,,,,,,,,2395.356243,8585,271,21166,377,8,1
7086361926,4/16/2016,31,0.009999999776,0.009999999776,0,0,0,0.009999999776,0,0,0,3,1437,1635,1635,,,,,,,,,,,1635.193386,31,3,14449,,,
7086361926,4/17/2016,0,0,0,0,0,0,0,0,0,0,0,1440,1629,1629,,,,,,,,,,,1629.648056,0,0,14400,,,
7086361926,4/18/2016,9827,6.710000038,6.710000038,0,3.170000076,1.220000029,2.309999943,0,61,51,114,1136,2743,2743,,,,,,,,,,,2743.693508,9827,399,24244,71,7,0
7086361926,4/19/2016,10688,7.289999962,7.289999962,0,3.529999971,1.230000019,2.50999999,0,67,69,124,671,2944,2944,1,472,483,,,,,,,,2944.343913,10688,463,26017,499,10,0
7086361926,4/20/2016,14365,10.64000034,10.64000034,0,7.639999866,0.4499999881,2.539999962,0,87,13,145,797,2997,2997,1,492,502,,,,,,,,2996.854788,14365,432,26481,394,4,0
7086361926,4/21/2016,9469,6.179999828,6.179999828,0,1.360000014,0.3000000119,4.510000229,0,19,6,206,758,2463,2463,1,390,411,,,,,,,,2463.597759,9469,275,21769,416,21,14
7086361926,4/22/2016,9753,6.53000021,6.53000021,0,2.869999886,0.9700000286,2.670000076,0,58,59,153,762,2846,2846,1,428,448,,,,,,,,2843.84896,9733,445,25129,402,6,0
7086361926,4/23/2016,2817,1.809999943,1.809999943,0,0,0,1.799999952,0,0,0,90,1350,1965,1965,,,,,,,,,,,1963.612697,2811,90,17351,,,
7086361926,4/24/2016,3520,2.160000086,2.160000086,0,0,0,2.150000095,0,0,0,125,566,2049,2049,1,681,704,,,,,,,,2049.169223,3520,125,18107,726,23,0
7086361926,4/25/2016,10091,6.820000172,6.820000172,0,3.75,0.6999999881,2.369999886,0,69,39,129,706,2752,2752,1,446,447,,,,,,,,2752.294437,10091,414,24320,490,7,0
7086361926,4/26/2016,10387,7.070000172,7.070000172,0,4.159999847,0.7699999809,2.119999886,0,70,33,132,726,2781,2781,1,485,500,,,,,,,,2780.021078,10378,408,24565,465,14,0
7086361926,4/27/2016,11107,8.340000153,8.340000153,0,5.630000114,0.1800000072,2.529999971,0,55,6,145,829,2693,2693,1,469,479,,,,,,,,2692.993341,11107,322,23796,400,5,0
7086361926,4/28/2016,11584,7.800000191,7.800000191,0,2.789999962,1.639999986,3.359999895,0,54,48,161,810,2862,2862,1,354,367,,,,,,,,2860.258598,11575,419,25274,354,9,4
7086361926,4/29/2016,7881,4.949999809,4.949999809,0,0.4900000095,0.4499999881,4,0,24,36,182,1198,2616,2616,,,,,,,,,,,2614.45336,7881,326,23102,,,
7086361926,4/30/2016,14560,9.409999847,9.409999847,0,3.119999886,1.039999962,5.239999771,0,42,17,308,584,2995,2995,1,485,489,,,,,,,,2995.836251,14560,468,26472,485,2,2
7086361926,5/1/2016,12390,8.069999695,8.069999695,0,2.299999952,0.8999999762,4.849999905,0,30,15,258,685,2730,2730,,,,,,,,,,,2729.434087,12375,378,24118,423,19,10
7086361926,5/2/2016,10052,6.809999943,6.809999943,0,3.480000019,0.6600000262,2.660000086,0,66,26,139,737,2754,2754,,,,,,,,,,,2754.218318,10052,389,24337,461,11,0
7086361926,5/3/2016,10288,6.760000229,6.760000229,0,2.74000001,0.8500000238,3.160000086,0,57,36,152,761,2754,2754,,,,,,,,,,,2753.991979,10288,395,24335,428,6,0
7086361926,5/4/2016,10988,8.31000042,8.31000042,0,5.28000021,0.1199999973,2.900000095,0,45,12,135,843,2655,2655,,,,,,,,,,,2655.194567,10988,294,23462,392,13,0
7086361926,5/5/2016,8564,5.599999905,5.599999905,0,1.779999971,0.8299999833,2.950000048,0,24,14,149,1253,2386,2386,,,,,,,,,,,2379.399272,8525,249,21025,,,
7086361926,5/6/2016,12461,8.380000114,8.380000114,0,3.819999933,1.429999948,3.119999886,0,84,35,154,834,2924,2924,,,,,,,,,,,2923.633808,12461,476,25834,322,10,1
7086361926,5/7/2016,12827,8.479999542,8.479999542,0,1.460000038,2.329999924,4.679999828,0,20,42,209,621,2739,2739,,,,,,,,,,,2739.506212,12827,353,24207,530,17,1
7086361926,5/8/2016,10677,7.099999905,7.099999905,0,2.309999943,1.529999971,3.25,0,32,27,147,695,2534,2534,,,,,,,,,,,2534.329,10677,297,22394,509,21,9
7086361926,5/9/2016,13566,9.109999657,9.109999657,0,4.260000229,1.710000038,3.119999886,0,67,50,171,743,2960,2960,,,,,,,,,,,2958.942851,13558,472,26146,399,10,0
7086361926,5/10/2016,14433,10.78999996,10.78999996,0,7.110000134,1.200000048,2.450000048,0,72,23,106,1182,2800,2800,,,,,,,,,,,2795.299026,14407,368,24700,56,1,0
7086361926,5/11/2016,9572,6.519999981,6.519999981,0,2.890000105,1.389999986,2.230000019,0,57,40,128,757,2735,2735,,,,,,,,,,,2735.31893,9572,379,24170,440,16,1
7086361926,5/12/2016,3789,2.559999943,2.559999943,0,0.3799999952,0.2700000107,1.889999986,0,5,4,58,343,1199,1199,,,,,,,,,,,994.9906608,1032,32,8792,399,7,0
8053475328,4/12/2016,18060,14.11999989,14.11999989,0,11.64000034,0.3899999857,2.099999905,0,116,8,123,1193,3186,3186,,,,,,,,,,,3186.215678,18060,487,26168,,,
8053475328,4/13/2016,16433,13.35000038,13.35000038,0,10.43000031,0.4699999988,2.450000048,0,95,12,156,1177,3140,3140,,,,,,,,,,,3140.920964,16433,465,25796,,,
8053475328,4/14/2016,20159,15.97000027,15.97000027,0,12.34000015,0.2099999934,3.359999895,0,119,5,193,1123,3411,3411,,,,,,,,,,,3407.697126,20089,560,27987,,,
8053475328,4/15/2016,20669,16.23999977,16.23999977,0,13.26000023,0.3899999857,2.589999914,0,132,8,158,1142,3410,3410,,,,,,,,,,,3410.862883,20669,570,28013,,,
8053475328,4/16/2016,14549,11.10999966,11.10999966,0,9.359999657,0.2700000107,1.49000001,0,96,6,83,1255,2867,2867,,,,,,,,,,,2867.935032,14549,383,23554,,,
8053475328,4/17/2016,18827,13.68999958,13.68999958,0,9.239999771,0.8000000119,3.640000105,0,111,21,195,1113,3213,3213,,,,,,,,,,,3213.002887,18827,570,26388,,,
8053475328,4/18/2016,17076,12.65999985,12.65999985,0,9.079999924,0.2300000042,3.349999905,0,102,6,195,1137,3133,3133,,,,,,,,,,,3133.371842,17076,513,25734,,,
8053475328,4/19/2016,15929,12.47999954,12.47999954,0,9.220000267,0.3100000024,2.950000048,0,90,7,191,1152,3114,3114,,,,,,,,,,,3114.620801,15929,475,25580,,,
8053475328,4/20/2016,15108,12.18999958,12.18999958,0,9.579999924,0.2300000042,2.380000114,0,89,5,158,695,3043,3043,1,486,493,,,,,,,,3043.512965,15108,435,24996,486,4,3
8053475328,4/21/2016,16057,12.51000023,12.51000023,0,9.670000076,0.25,2.579999924,0,100,6,170,1164,3103,3103,,,,,,,,,,,3101.10545,16049,482,25469,,,
8053475328,4/22/2016,10520,8.289999962,8.289999962,0,6.260000229,0.150000006,1.879999995,0,60,3,117,1260,2655,2655,,,,,,,,,,,2655.342078,10520,303,21808,,,
8053475328,4/23/2016,22359,17.19000053,17.19000053,0,12.53999996,0.6299999952,4.019999981,0,125,14,223,741,3554,3554,1,331,337,,,,,,,,3554.904957,22359,626,29196,331,1,5
8053475328,4/24/2016,22988,17.95000076,17.95000076,0,13.13000011,1.549999952,3.25999999,0,129,33,182,1096,3577,3577,,,,,,,,,,,3577.187045,22988,635,29379,,,
8053475328,4/25/2016,20500,15.68999958,15.68999958,0,11.36999989,0.4600000083,3.859999895,0,118,9,209,1104,3403,3403,,,,,,,,,,,3403.679041,20500,581,27954,,,
8053475328,4/26/2016,12685,9.619999886,9.619999886,0,6.309999943,0.200000003,3.099999905,0,68,5,185,1182,2846,2846,,,,,,,,,,,2845.044166,12685,399,23366,,,
8053475328,4/27/2016,12422,9.819999695,9.819999695,0,6.460000038,0.4300000072,2.930000067,0,60,10,183,1187,2852,2852,,,,,,,,,,,2852.593277,12422,383,23428,,,
8053475328,4/28/2016,15447,12.39999962,12.39999962,0,9.670000076,0.3899999857,2.349999905,0,90,9,153,1188,3062,3062,,,,,,,,,,,3062.263998,15447,441,25150,,,
8053475328,4/29/2016,12315,9.649999619,9.649999619,0,6.170000076,0.3100000024,3.170000076,0,58,8,159,1215,2794,2794,,,,,,,,,,,2794.757278,12315,349,22953,,,
8053475328,4/30/2016,7135,5.590000153,5.590000153,0,2.99000001,0.05999999866,2.539999962,0,27,1,131,1281,2408,2408,,,,,,,,,,,2408.899833,7135,214,19784,,,
8053475328,5/1/2016,1170,0.8500000238,0.8500000238,0,0,0,0.8500000238,0,0,0,51,1389,1886,1886,,,,,,,,,,,1886.062387,1170,51,15490,,,
8053475328,5/2/2016,1969,1.429999948,1.429999948,0,0,0,1.429999948,0,0,0,95,1345,1988,1988,,,,,,,,,,,1988.331577,1969,95,16377,,,
8053475328,5/3/2016,15484,11.89999962,11.89999962,0,8.390000343,0.9300000072,2.589999914,0,87,22,165,1166,3023,3023,,,,,,,,,,,3023.473251,15484,470,24903,,,
8053475328,5/4/2016,14581,11.14999962,11.14999962,0,8.819999695,0.400000006,1.909999967,0,89,8,123,1220,2918,2918,,,,,,,,,,,2916.753852,14563,406,24024,,,
8053475328,5/5/2016,14990,11.51000023,11.51000023,0,8.850000381,0.4499999881,2.210000038,0,93,9,130,1208,2950,2950,,,,,,,,,,,2950.141604,14990,427,24299,,,
8053475328,5/6/2016,13953,11,11,0,9.100000381,0.6899999976,1.210000038,0,90,15,90,1245,2859,2859,,,,,,,,,,,2859.205518,13953,390,23550,,,
8053475328,5/7/2016,19769,15.67000008,15.67000008,0,12.43999958,0.8799999952,2.349999905,0,121,20,148,1076,3331,3331,,,,,,,,,,,3331.369003,19769,551,27439,74,0,1
8053475328,5/8/2016,22026,17.64999962,17.64999962,0,13.39999962,0.5899999738,3.660000086,0,125,14,228,1073,3589,3589,,,,,,,,,,,3589.486673,22026,631,29565,,,
8053475328,5/9/2016,12465,9.380000114,9.380000114,0,6.119999886,0.5699999928,2.690000057,0,66,12,148,1214,2765,2765,,,,,,,,,,,2765.234178,12465,370,22776,,,
8053475328,5/10/2016,14810,11.35999966,11.35999966,0,9.090000153,0.4199999869,1.850000024,0,96,10,115,1219,2926,2926,,,,,,,,,,,2926.102423,14810,423,24101,,,
8053475328,5/11/2016,12209,9.399999619,9.399999619,0,6.079999924,0.2800000012,3.039999962,0,60,7,184,1189,2809,2809,,,,,,,,,,,2808.941777,12209,378,23136,,,
8053475328,5/12/2016,4998,3.910000086,3.910000086,0,2.950000048,0.200000003,0.7599999905,0,28,4,39,839,1505,1505,,,,,,,,,,,1485.208534,4895,130,12233,,,
8253242879,4/12/2016,9033,7.159999847,7.159999847,0,5.429999828,0.1400000006,1.590000033,0,40,2,154,1244,2044,2044,,,,,,,,,,,2044.266801,9033,278,20620,,,
8253242879,4/13/2016,8053,6.099999905,6.099999905,0,4.170000076,0.6299999952,1.309999943,0,35,11,96,1298,1935,1935,,,,,,,,,,,1935.113666,8053,223,19519,,,
8253242879,4/14/2016,5234,3.460000038,3.460000038,0,1.929999948,0.9900000095,0.5400000215,0,29,16,33,1362,1705,1705,,,,,,,,,,,1705.604565,5234,152,17204,,,
8253242879,4/15/2016,2672,1.769999981,1.769999981,0,0,0,1.75999999,0,0,0,105,1335,1632,1632,,,,,,,,,,,1632.042685,2672,105,16462,,,
8253242879,4/16/2016,9256,6.139999866,6.139999866,0,0.4300000072,3.269999981,2.450000048,0,6,51,115,1268,1880,1880,,,,,,,,,,,1880.983223,9256,235,18973,,,
8253242879,4/17/2016,10204,7.909999847,7.909999847,0,5.429999828,0.150000006,2.329999924,0,41,5,157,1237,2112,2112,,,,,,,,,,,2112.078562,10204,290,21304,,,
8253242879,4/18/2016,5151,3.480000019,3.480000019,0,1.039999962,0.6299999952,1.799999952,0,16,16,130,1278,1829,1829,,,,,,,,,,,1829.033866,5151,210,18449,,,
8253242879,4/19/2016,4212,2.779999971,2.779999971,0,0,0,2.779999971,0,0,0,164,1276,1763,1763,,,,,,,,,,,1763.502323,4212,164,17788,,,
8253242879,4/20/2016,6466,4.269999981,4.269999981,0,0.3300000131,0.8199999928,3.109999895,0.009999999776,5,18,216,1201,1931,1931,,,,,,,,,,,1931.445482,6466,267,19482,,,
8253242879,4/21/2016,11268,8.56000042,8.56000042,0,5.880000114,0.9300000072,1.75,0,49,20,172,1199,2218,2218,,,,,,,,,,,2218.15836,11268,359,22374,,,
8253242879,4/22/2016,2824,1.870000005,1.870000005,0,0,0,1.870000005,0,0,0,120,1320,1651,1651,,,,,,,,,,,1651.077564,2824,120,16654,,,
8253242879,4/23/2016,9282,6.260000229,6.260000229,0,2.089999914,1.039999962,3.130000114,0,30,26,191,1193,2132,2132,,,,,,,,,,,2132.600544,9282,333,21511,,,
8253242879,4/24/2016,8905,7.130000114,7.130000114,0,5.599999905,0.1899999976,1.340000033,0,41,4,82,1313,1976,1976,,,,,,,,,,,1976.256766,8905,213,19934,,,
8253242879,4/25/2016,6829,4.510000229,4.510000229,0,0.3600000143,2.390000105,1.769999981,0,7,54,118,1261,1909,1909,,,,,,,,,,,1909.039842,6829,247,19256,,,
8253242879,4/26/2016,4562,3.039999962,3.039999962,0,1.179999948,0.4900000095,1.370000005,0,19,14,108,1299,1813,1813,,,,,,,,,,,1813.369745,4562,193,18291,,,
8253242879,4/27/2016,10232,8.180000305,8.180000305,0,6.239999771,0.2300000042,1.700000048,0,45,5,104,1286,2008,2008,,,,,,,,,,,2008.27898,10232,249,20257,,,
8253242879,4/28/2016,2718,1.799999952,1.799999952,0,0.6700000167,0.7799999714,0.3400000036,0,11,16,20,1393,1580,1580,,,,,,,,,,,1580.291604,2718,85,15940,,,
8253242879,4/29/2016,6260,4.260000229,4.260000229,0,1.289999962,0.5400000215,2.400000095,0,16,14,136,1257,1854,1854,,,,,,,,,,,1786.998504,5937,202,18025,,,
8253242879,4/30/2016,0,0,0,0,0,0,0,0,0,0,0,1440,0,0,,,,,,,,,,,,,,,,,
8378563200,4/12/2016,7626,6.050000191,6.050000191,2.253081083,0.8299999833,0.7099999785,4.5,0,65,15,156,723,3635,3635,,,,,,,,,,,3635.470087,7626,381,24210,446,33,2
8378563200,4/13/2016,12386,9.819999695,9.819999695,2.092147112,4.960000038,0.6499999762,4.210000038,0,116,14,169,680,4079,4079,2,447,487,,,,,,,,4079.613786,12386,545,27168,437,20,4
8378563200,4/14/2016,13318,10.56000042,10.56000042,2.253081083,5.619999886,1.029999971,3.910000086,0,123,21,174,699,4163,4163,1,424,455,,,,,,,,4163.397489,13318,585,27726,399,19,5
8378563200,4/15/2016,14461,11.47000027,11.47000027,0,4.909999847,1.149999976,5.409999847,0,60,23,190,729,3666,3666,1,513,533,,,,,,,,3655.852214,14461,416,24348,418,17,3
8378563200,4/16/2016,11207,8.890000343,8.890000343,0,5.369999886,1.070000052,2.440000057,0,64,21,142,563,3363,3363,2,611,689,,,,,,,,3363.059709,11196,376,22398,566,74,10
8378563200,4/17/2016,2132,1.690000057,1.690000057,0,0,0,1.690000057,0,0,0,93,599,2572,2572,2,525,591,,,,,,,,2572.069508,2132,93,17130,655,85,8
8378563200,4/18/2016,13630,10.81000042,10.81000042,2.092147112,5.050000191,0.5600000024,5.199999809,0,117,10,174,720,4157,4157,1,398,451,,,,,,,,4157.992094,13630,545,27690,381,34,4
8378563200,4/19/2016,13070,10.35999966,10.35999966,2.253081083,5.300000191,0.8799999952,4.179999828,0,120,19,154,737,4092,4092,1,387,421,,,,,,,,4092.226397,13070,552,27252,384,21,5
8378563200,4/20/2016,9388,7.440000057,7.440000057,2.092147112,2.230000019,0.4399999976,4.78000021,0,82,8,169,763,3787,3787,1,381,409,,,,,,,,3787.121586,9388,431,25220,396,21,1
8378563200,4/21/2016,15148,12.01000023,12.01000023,2.253081083,6.900000095,0.8199999928,4.289999962,0,137,16,145,677,4236,4236,1,396,417,,,,,,,,4236.07009,15148,588,28210,449,12,4
8378563200,4/22/2016,12200,9.670000076,9.670000076,2.092147112,4.909999847,0.5899999738,4.179999828,0,113,12,159,769,4044,4044,1,441,469,,,,,,,,4044.778983,12200,522,26936,356,27,4
8378563200,4/23/2016,5709,4.53000021,4.53000021,0,1.519999981,0.5199999809,2.480000019,0,19,10,136,740,2908,2908,1,565,591,,,,,,,,2908.705808,5709,213,19372,508,21,6
8378563200,4/24/2016,3703,2.940000057,2.940000057,0,0,0,2.940000057,0,0,0,135,734,2741,2741,1,458,492,,,,,,,,2741.438707,3703,135,18258,533,32,6
8378563200,4/25/2016,12405,9.840000153,9.840000153,2.092147112,5.050000191,0.8700000048,3.920000076,0,117,16,141,692,4005,4005,1,388,402,,,,,,,,4005.439689,12405,524,26674,454,19,0
8378563200,4/26/2016,16208,12.85000038,12.85000038,0,7.510000229,0.9200000167,4.420000076,0,90,18,161,593,3763,3763,1,550,584,,,,,,,,3763.359616,16208,467,25064,522,42,14
8378563200,4/27/2016,7359,5.840000153,5.840000153,0,0.3300000131,0.1800000072,5.329999924,0,4,4,192,676,3061,3061,1,531,600,,,,,,,,3061.558504,7359,212,20390,522,37,5
8378563200,4/28/2016,5417,4.300000191,4.300000191,0,0.8999999762,0.4900000095,2.910000086,0,11,10,139,711,2884,2884,1,506,556,,,,,,,,2884.982108,5417,192,19214,518,46,5
8378563200,4/29/2016,6175,4.900000095,4.900000095,0,0.25,0.3600000143,4.269999981,0,3,7,172,767,2982,2982,1,527,562,,,,,,,,2982.879907,6147,195,19866,469,19,3
8378563200,4/30/2016,2946,2.339999914,2.339999914,0,0,0,2.339999914,0,0,0,121,780,2660,2660,1,468,555,,,,,,,,2660.357706,2946,121,17718,434,84,21
8378563200,5/1/2016,11419,9.06000042,9.06000042,0,6.03000021,0.5600000024,2.470000029,0,71,10,127,669,3369,3369,,,,,,,,,,,3369.966604,11419,360,22444,508,43,11
8378563200,5/2/2016,6064,4.809999943,4.809999943,2.092147112,0.6299999952,0.1700000018,4.010000229,0,63,4,142,802,3491,3491,,,,,,,,,,,3491.32609,6064,339,23250,406,23,0
8378563200,5/3/2016,8712,6.909999847,6.909999847,2.253081083,1.340000033,1.059999943,4.5,0,71,20,195,822,3784,3784,,,,,,,,,,,3784.719186,8712,448,25204,301,26,5
8378563200,5/4/2016,7875,6.239999771,6.239999771,0,1.559999943,0.4900000095,4.199999809,0,19,10,167,680,3110,3110,,,,,,,,,,,3109.906805,7875,244,20712,524,28,12
8378563200,5/5/2016,8567,6.789999962,6.789999962,2.253081083,0.8899999857,0.1599999964,5.739999771,0,66,3,214,764,3783,3783,,,,,,,,,,,3783.818287,8567,418,25198,349,33,11
8378563200,5/6/2016,7045,5.590000153,5.590000153,2.092147112,1.549999952,0.25,3.779999971,0,74,5,166,831,3644,3644,,,,,,,,,,,3644.779387,7045,398,24272,339,21,4
8378563200,5/7/2016,4468,3.539999962,3.539999962,0,0,0,3.539999962,0,0,0,158,851,2799,2799,,,,,,,,,,,2799.396606,4468,158,18644,382,35,14
8378563200,5/8/2016,2943,2.329999924,2.329999924,0,0,0,2.329999924,0,0,0,139,621,2685,2685,,,,,,,,,,,2685.883207,2943,139,17888,627,45,8
8378563200,5/9/2016,8382,6.650000095,6.650000095,2.092147112,1.269999981,0.6600000262,4.71999979,0,71,13,171,772,3721,3721,,,,,,,,,,,3721.656184,8382,410,24784,370,30,12
8378563200,5/10/2016,6582,5.21999979,5.21999979,2.253081083,0.6600000262,0.6399999857,3.920000076,0,63,13,152,840,3586,3586,,,,,,,,,,,3586.521189,6582,367,23884,348,22,1
8378563200,5/11/2016,9143,7.25,7.25,2.092147112,1.389999986,0.5899999738,5.269999981,0,72,10,184,763,3788,3788,,,,,,,,,,,3788.322787,9143,420,25228,387,19,4
8378563200,5/12/2016,4561,3.619999886,3.619999886,0,0.6499999762,0.2700000107,2.690000057,0,8,6,102,433,1976,1976,,,,,,,,,,,1607.205604,3574,113,10704,361,31,3
8583815059,4/12/2016,5014,3.910000086,3.910000086,0,0,0.3300000131,3.579999924,0,0,7,196,1237,2650,2650,,,,,,,,,,,2650.164034,5014,210,18896,,,
8583815059,4/13/2016,5571,4.349999905,4.349999905,0,0.150000006,0.9700000286,3.230000019,0,2,23,163,1252,2654,2654,,,,,,,,,,,2654.231284,5571,215,18925,,,
8583815059,4/14/2016,3135,2.450000048,2.450000048,0,0,0,2.430000067,0,0,0,134,1306,2443,2443,,,,,,,,,,,2442.453786,3118,134,17415,,,
8583815059,4/15/2016,3430,2.680000067,2.680000067,0,0,0,0.8999999762,0,0,0,65,1375,2505,2505,,,,,,,,,,,2207.815542,1158,65,15742,,,
8583815059,4/16/2016,5319,4.150000095,4.150000095,0,0,0,0,0,0,0,0,1440,2693,2693,,,,,,,,,,,2019.600048,0,0,14400,,,
8583815059,4/17/2016,3008,2.349999905,2.349999905,0,0,0,0,0,0,0,0,1440,2439,2439,,,,,,,,,,,2019.600048,0,0,14400,,,
8583815059,4/18/2016,3864,3.00999999,3.00999999,0,0.3100000024,1.059999943,1.350000024,0,4,22,105,1309,2536,2536,,,,,,,,,,,2498.694029,3481,161,17816,,,
8583815059,4/19/2016,5697,4.440000057,4.440000057,0,0.5299999714,0.4799999893,3.440000057,0,7,10,166,1257,2668,2668,,,,,,,,,,,2668.817282,5697,207,19029,,,
8583815059,4/20/2016,5273,4.110000134,4.110000134,0,0,1.039999962,3.069999933,0,0,27,167,1246,2647,2647,,,,,,,,,,,2647.639531,5273,221,18878,,,
8583815059,4/21/2016,8538,6.659999847,6.659999847,0,2.630000114,1.019999981,3.00999999,0,35,18,158,1229,2883,2883,,,,,,,,,,,2883.11928,8538,299,20557,,,
8583815059,4/22/2016,8687,6.78000021,6.78000021,0,0.2899999917,2.410000086,4.079999924,0,4,54,212,1170,2944,2944,,,,,,,,,,,2944.408533,8687,332,20994,,,
8583815059,4/23/2016,9423,7.349999905,7.349999905,0,0.5299999714,2.029999971,4.75,0,7,44,238,1151,3012,3012,,,,,,,,,,,3011.448033,9381,347,21472,,,
8583815059,4/24/2016,8286,6.460000038,6.460000038,0,0.150000006,2.049999952,4.269999981,0,2,44,206,1188,2889,2889,,,,,,,,,,,2889.43053,8286,300,20602,,,
8583815059,4/25/2016,4503,3.50999999,3.50999999,0,1.470000029,0.2399999946,1.809999943,0,18,6,122,1294,2547,2547,,,,,,,,,,,2547.781536,4503,188,18166,,,
8583815059,4/26/2016,10499,8.18999958,8.18999958,0,0.0700000003,4.21999979,3.890000105,0,1,91,214,1134,3093,3093,,,,,,,,,,,3093.774784,10499,399,22059,,,
8583815059,4/27/2016,12474,9.729999542,9.729999542,0,6.599999905,0.2700000107,2.869999886,0,77,5,129,1229,3142,3142,,,,,,,,,,,3142.722025,12474,370,22408,,,
8583815059,4/28/2016,6174,4.820000172,4.820000172,0,0,1.200000048,3.609999895,0,0,28,203,1209,2757,2757,,,,,,,,,,,2757.315033,6174,259,19660,,,
8583815059,4/29/2016,15168,11.82999992,11.82999992,0,3.900000095,3,4.920000076,0,46,67,258,1069,3513,3513,,,,,,,,,,,3509.896529,15156,530,25026,,,
8583815059,4/30/2016,10085,7.869999886,7.869999886,0,0.150000006,1.279999971,6.429999828,0,2,28,317,1093,3164,3164,,,,,,,,,,,3164.601027,10085,379,22564,,,
8583815059,5/1/2016,4512,3.519999981,3.519999981,0,0.7799999714,0.1199999973,2.039999962,0,10,2,117,1311,2596,2596,,,,,,,,,,,2462.790037,3773,151,17560,,,
8583815059,5/2/2016,8469,6.610000134,6.610000134,0,0,0,0,0,0,0,0,1440,2894,2894,,,,,,,,,,,2019.600048,0,0,14400,,,
8583815059,5/3/2016,12015,9.369999886,9.369999886,0,0,0,0,0,0,0,0,1440,3212,3212,,,,,,,,,,,2019.600048,0,0,14400,,,
8583815059,5/4/2016,3588,2.799999952,2.799999952,0,0,0,0,0,0,0,0,1440,2516,2516,,,,,,,,,,,2019.600048,0,0,14400,,,
8583815059,5/5/2016,12427,9.68999958,9.68999958,0,0,0,1.179999948,0,0,0,70,1370,3266,3266,,,,,,,,,,,2233.621542,1507,70,15926,,,
8583815059,5/6/2016,5843,4.559999943,4.559999943,0,0.1400000006,1.190000057,3.230000019,0,2,22,166,1250,2683,2683,,,,,,,,,,,2682.561784,5843,216,19127,,,
8583815059,5/7/2016,6117,4.769999981,4.769999981,0,0,0,4.769999981,0,0,0,250,1190,2810,2810,,,,,,,,,,,2810.750275,6117,250,20041,,,
8583815059,5/8/2016,9217,7.190000057,7.190000057,0,0.2199999988,3.309999943,3.660000086,0,3,72,182,1183,2940,2940,,,,,,,,,,,2940.201033,9217,335,20964,,,
8583815059,5/9/2016,9877,7.699999809,7.699999809,0,5.760000229,0.1700000018,1.730000019,0,66,4,110,1260,2947,2947,,,,,,,,,,,2940.060783,9834,316,20963,,,
8583815059,5/10/2016,8240,6.429999828,6.429999828,0,0.6899999976,2.00999999,3.720000029,0,9,43,162,1226,2846,2846,,,,,,,,,,,2842.306532,8217,275,20266,,,
8583815059,5/11/2016,8701,6.789999962,6.789999962,0,0.3700000048,3.24000001,3.170000076,0,5,71,177,1106,2804,2804,,,,,,,,,,,2730.52728,8597,327,19469,,,
8583815059,5/12/2016,0,0,0,0,0,0,0,0,0,0,0,1440,0,0,,,,,,,,,,,,,,,,,
8792009665,4/12/2016,2564,1.639999986,1.639999986,0,0,0,1.639999986,0,0,0,116,831,2044,2044,,,,,,,,68.92157638,48,135,2044.367978,2556,116,17433,458,32,3
8792009665,4/13/2016,1320,0.8399999738,0.8399999738,0,0,0,0.8399999738,0,0,0,82,806,1934,1934,1,531,552,,,,,,,,1934.837796,1320,82,16499,531,18,3
8792009665,4/14/2016,1219,0.7799999714,0.7799999714,0,0,0,0.7799999714,0,0,0,84,853,1963,1963,1,486,503,,,,,,,,1963.217138,1219,84,16741,486,17,0
8792009665,4/15/2016,2483,1.590000033,1.590000033,0,0,0,1.590000033,0,0,0,126,937,2009,2009,1,363,377,,,,,,,,2009.656057,2483,126,17137,363,13,1
8792009665,4/16/2016,244,0.1599999964,0.1599999964,0,0,0,0.1599999964,0,0,0,12,1428,1721,1721,,,,,,,,,,,1721.406397,244,12,14679,,,
8792009665,4/17/2016,0,0,0,0,0,0,0,0,0,0,0,1440,1688,1688,,,,,,,,,,,1688.688068,0,0,14400,,,
8792009665,4/18/2016,0,0,0,0,0,0,0,0,0,0,0,1440,1688,1688,,,,,,,,,,,1688.688068,0,0,14400,,,
8792009665,4/19/2016,0,0,0,0,0,0,0,0,0,0,0,1440,1688,1688,,,,,,,,,,,1688.688068,0,0,14400,,,
8792009665,4/20/2016,3147,2.00999999,2.00999999,0,0,0.2800000012,1.74000001,0,0,10,139,744,2188,2188,1,528,547,,,,,,,,2188.727349,3147,159,18664,528,15,4
8792009665,4/21/2016,144,0.09000000358,0.09000000358,0,0,0,0.09000000358,0,0,0,9,1431,1720,1720,,,,,,,,,,,1720.585508,144,9,14672,,,
8792009665,4/22/2016,4068,2.599999905,2.599999905,0,0.05000000075,0.2800000012,2.269999981,0,1,20,195,817,2419,2419,1,391,407,,,,,,,,2419.749254,4068,238,20634,391,12,4
8792009665,4/23/2016,5245,3.359999895,3.359999895,0,0.1599999964,0.4399999976,2.75,0,8,45,232,795,2748,2748,1,339,360,,,,,,,,2748.105258,5245,346,23434,339,20,1
8792009665,4/24/2016,400,0.2599999905,0.2599999905,0,0.03999999911,0.05000000075,0.1599999964,0,3,8,19,1410,1799,1799,,,,,,,,,,,1799.977299,400,44,15349,,,
8792009665,4/25/2016,0,0,0,0,0,0,0,0,0,0,0,1440,1688,1688,,,,,,,,,,,1688.688068,0,0,14400,,,
8792009665,4/26/2016,1321,0.8500000238,0.8500000238,0,0,0,0.8500000238,0,0,0,80,1360,1928,1928,,,,,,,,,,,1928.270676,1321,80,16443,,,
8792009665,4/27/2016,1758,1.129999995,1.129999995,0,0,0,1.129999995,0,0,0,112,900,2067,2067,1,423,428,,,,,,,,2066.297467,1758,112,17620,423,5,0
8792009665,4/28/2016,6157,3.940000057,3.940000057,0,0,0,3.940000057,0,0,0,310,714,2780,2780,1,402,416,,,,,,,,2780.354507,6157,310,23709,402,11,3
8792009665,4/29/2016,8360,5.349999905,5.349999905,0,0.1400000006,0.2800000012,4.929999828,0,6,14,380,634,3101,3101,1,398,406,,,,,,,,3101.674316,8360,426,26449,398,6,2
8792009665,4/30/2016,7174,4.590000153,4.590000153,0,0.3300000131,0.3600000143,3.910000086,0,10,20,301,749,2896,2896,1,343,360,,,,,,,,2896.920885,7174,371,24703,343,15,2
8792009665,5/1/2016,1619,1.039999962,1.039999962,0,0,0,1.039999962,0,0,0,79,834,1962,1962,,,,,,,,67.81017067,43,123,1962.748057,1619,79,16737,503,24,0
8792009665,5/2/2016,1831,1.169999957,1.169999957,0,0,0,1.169999957,0,0,0,101,916,2015,2015,,,,,,,,67.40391871,45,129,2013.877776,1831,101,17173,415,8,0
8792009665,5/3/2016,2421,1.549999952,1.549999952,0,0,0,1.549999952,0,0,0,156,739,2297,2297,,,,,,,,74.37193974,45,119,2297.788445,2421,156,19594,516,27,2
8792009665,5/4/2016,2283,1.460000038,1.460000038,0,0,0,1.460000038,0,0,0,129,848,2067,2067,,,,,,,,74.97814661,51,114,2067.235626,2283,129,17628,439,22,2
8792009665,5/5/2016,0,0,0,0,0,0,0,0,0,0,0,1440,1688,1688,,,,,,,,,,,1688.805338,0,0,14401,,,
8792009665,5/6/2016,0,0,0,0,0,0,0,0,0,0,0,1440,1688,1688,,,,,,,,,,,1688.688068,0,0,14400,,,
8792009665,5/7/2016,0,0,0,0,0,0,0,0,0,0,0,1440,1688,1688,,,,,,,,,,,1688.688068,0,0,14400,,,
8792009665,5/8/2016,0,0,0,0,0,0,0,0,0,0,0,1440,1688,1688,,,,,,,,,,,1688.688068,0,0,14400,,,
8792009665,5/9/2016,0,0,0,0,0,0,0,0,0,0,0,1440,1688,1688,,,,,,,,,,,1688.688068,0,0,14400,,,
8792009665,5/10/2016,0,0,0,0,0,0,0,0,0,0,0,48,57,57,,,,,,,,,,,,,,,,,
8877689391,4/12/2016,23186,20.39999962,20.39999962,0,12.22000027,0.3400000036,7.820000172,0,85,7,312,1036,3921,3921,,,,85.80000305,25.68000031,,FALSE,86.54770531,47,164,3920.584775,23186,581,32010,,,
8877689391,4/13/2016,15337,9.579999924,9.579999924,0,3.549999952,0.3799999952,5.639999866,0,108,18,216,1098,3566,3566,,,,84.90000153,25.40999985,,FALSE,,,,3566.183997,15337,576,29267,,,
8877689391,4/14/2016,21129,18.97999954,18.97999954,0,10.55000019,0.5899999738,7.75,0.01999999955,68,13,298,1061,3793,3793,,,,84.5,25.30999947,,FALSE,,,,3789.382655,21071,528,31155,,,
8877689391,4/15/2016,13422,7.170000076,7.170000076,0,0.05000000075,0.05000000075,7.010000229,0.009999999776,106,1,281,1052,3934,3934,,,,,,,,,,,3918.553702,13375,601,32217,,,
8877689391,4/16/2016,29326,25.29000092,25.29000092,0,13.23999977,1.210000038,10.71000004,0,94,29,429,888,4547,4547,,,,85.5,25.59000015,,FALSE,,,,4537.924421,29204,769,37117,,,
8877689391,4/17/2016,15118,8.869999886,8.869999886,0,0,0.0700000003,8.789999962,0,58,15,307,1060,3545,3545,,,,,,,,,,,3540.527326,15118,511,28959,,,
8877689391,4/18/2016,11423,8.670000076,8.670000076,0,2.440000057,0.2700000107,5.940000057,0,29,5,191,1215,2761,2761,,,,85.80000305,25.68000031,,FALSE,,,,2759.229427,11409,288,22528,,,
8877689391,4/19/2016,18785,17.39999962,17.39999962,0,12.14999962,0.1800000072,5.03000021,0,82,13,214,1131,3676,3676,,,,85.30000305,25.53000069,,FALSE,,,,3671.16199,18748,486,30057,,,
8877689391,4/20/2016,19948,18.11000061,18.11000061,0,11.02000046,0.6899999976,6.340000153,0,73,19,225,1123,3679,3679,,,,84.90000153,25.40999985,,FALSE,,,,3673.046441,19881,482,30144,,,
8877689391,4/21/2016,19377,17.62000084,17.62000084,0,12.28999996,0.4199999869,4.889999866,0,82,13,226,1119,3659,3659,,,,84.5,25.29000092,,FALSE,,,,3659.37859,19377,498,30101,,,
8877689391,4/22/2016,18258,16.30999947,16.30999947,0,10.22999954,0.02999999933,5.96999979,0.05000000075,61,2,236,1141,3427,3427,,,,,,,,,,,3412.834634,18225,423,28073,,,
8877689391,4/23/2016,11200,7.429999828,7.429999828,0,0,0,7.400000095,0.009999999776,102,6,300,1032,3891,3891,,,,85.5,25.59000015,,FALSE,,,,3888.968333,11191,618,31809,,,
8877689391,4/24/2016,16674,15.73999977,15.73999977,0,11.01000023,0.009999999776,4.690000057,0,64,1,227,1148,3455,3455,,,,85.5,25.59000015,,FALSE,,,,3452.866915,16660,421,28242,,,
8877689391,4/25/2016,12986,8.739999771,8.739999771,0,2.369999886,0.0700000003,6.269999981,0.009999999776,113,8,218,1101,3802,3802,,,,85.40000153,25.55999947,,FALSE,,,,3799.320222,12957,573,31091,,,
8877689391,4/26/2016,11101,8.430000305,8.430000305,0,1.75999999,0.1299999952,6.5,0,22,3,258,1157,2860,2860,,,,85.09999847,25.48999977,,FALSE,,,,2855.369862,11070,330,23397,,,
8877689391,4/27/2016,23629,20.64999962,20.64999962,0,13.06999969,0.4399999976,7.099999905,0,93,8,235,1104,3808,3808,,,,85.40000153,25.55999947,,FALSE,,,,3803.841616,23603,530,31128,,,
8877689391,4/28/2016,14890,11.30000019,11.30000019,0,4.929999828,0.3799999952,5.96999979,0,58,8,231,1143,3060,3060,,,,85.09999847,25.48999977,,FALSE,,,,3058.932577,14885,421,25065,,,
8877689391,4/29/2016,9733,7.389999866,7.389999866,0,1.379999995,0.1700000018,5.789999962,0,18,5,210,1207,2698,2698,,,,84.90000153,25.40999985,,FALSE,,,,2695.322043,9700,274,22120,,,
8877689391,4/30/2016,27745,26.71999931,26.71999931,0,21.65999985,0.07999999821,4.929999828,0,124,4,223,1089,4398,4398,,,,85.5,25.59000015,,FALSE,,,,4393.16858,27710,603,35933,,,
8877689391,5/1/2016,10930,8.319999695,8.319999695,0,3.130000114,0.5699999928,4.570000172,0,36,12,166,1226,2786,2786,,,,85.30000305,25.53000069,,FALSE,70.71352164,48,145,2783.082069,10890,298,22786,,,
8877689391,5/2/2016,4790,3.640000105,3.640000105,0,0,0,3.559999943,0,0,0,105,1335,2189,2189,,,,,,,,65.86236339,47,108,2183.985367,4699,105,17881,,,
8877689391,5/3/2016,10818,8.210000038,8.210000038,0,1.389999986,0.1000000015,6.670000076,0.009999999776,19,3,229,1189,2817,2817,,,,84.90000153,25.40999985,,FALSE,67.47034908,48,150,2813.394688,10791,292,23089,,,
8877689391,5/4/2016,18193,16.29999924,16.29999924,0,10.42000008,0.3100000024,5.53000021,0,66,8,212,1154,3477,3477,,,,84.40000153,25.26000023,,FALSE,88.37199277,56,168,3472.391312,18165,426,28577,,,
8877689391,5/5/2016,14055,10.67000008,10.67000008,0,5.460000038,0.8199999928,4.369999886,0,67,15,188,1170,3052,3052,,,,,,,,72.85128037,53,142,3047.835367,14055,419,25083,,,
8877689391,5/6/2016,21727,19.34000015,19.34000015,0,12.78999996,0.2899999917,6.159999847,0,96,17,232,1095,4015,4015,,,,85,25.44000053,,FALSE,92.84012007,47,177,4003.036759,21622,554,32836,,,
8877689391,5/7/2016,12332,8.130000114,8.130000114,0,0.07999999821,0.9599999785,6.989999771,0,105,28,271,1036,4142,4142,,,,,,,,100.9972411,56,166,4127.628772,12212,642,33858,,,
8877689391,5/8/2016,10686,8.109999657,8.109999657,0,1.080000043,0.200000003,6.800000191,0,17,4,245,1174,2847,2847,,,,85.40000153,25.55999947,,FALSE,72.55052319,54,137,2843.594015,10665,304,23270,,,
8877689391,5/9/2016,20226,18.25,18.25,0,11.10000038,0.8000000119,6.239999771,0.05000000075,73,19,217,1131,3710,3710,,,,85.5,25.61000061,,FALSE,89.61573831,51,176,3700.179984,20156,474,30250,,,
8877689391,5/10/2016,10733,8.149999619,8.149999619,0,1.350000024,0.4600000083,6.28000021,0,18,11,224,1187,2832,2832,,,,,,,,71.5443768,50,141,2829.995494,10693,300,23136,,,
8877689391,5/11/2016,21420,19.55999947,19.55999947,0,13.22000027,0.4099999964,5.889999866,0,88,12,213,1127,3832,3832,,,,85.40000153,25.55999947,,FALSE,89.1491217,48,180,3828.037198,21391,501,31326,,,
8877689391,5/12/2016,8064,6.119999886,6.119999886,0,1.820000052,0.03999999911,4.25,0,23,1,137,770,1849,1849,,,,84,25.13999939,,FALSE,71.08743948,53,122,1657.577747,7120,188,13673,,,